Sequence_prot1,Sequence_prot2,Sequence_prot1_Char,Sequence_prot2_Char,new_alleles,p1-7-I,p1-7-V,p1-11-E,p1-11-G,p1-11-R,p1-17-E,p1-17-G,p1-17-L,p1-17-Q,p1-17-R,p1-18-E,p1-18-N,p1-18-Q,p1-20-G,p1-20-Q,p1-20-R,p1-22-I,p1-22-K,p1-22-N,p1-23-C,p1-23-F,p1-23-M,p1-23-S,p1-23-V,p1-23-Y,p1-25-A,p1-25-R,p1-25-T,p1-26-H,p1-26-K,p1-26-N,p1-26-Q,p1-26-S,p1-27-A,p1-27-S,p1-27-T,p1-29-A,p1-29-I,p1-29-T,p1-30-D,p1-30-G,p1-30-H,p1-30-N,p1-30-Y,p1-32-A,p1-32-E,p1-32-V,p1-33-D,p1-33-G,p1-33-N,p1-33-S,p1-35-G,p1-35-R,p1-36--,p1-36-I,p1-37-A,p1-37-I,p1-37-K,p1-37-N,p1-37-T,p1-38-A,p1-38-L,p1-39-L,p1-39-R,p1-40--,p1-40-G,p1-40-R,p2-2-I,p2-2-T,p2-3-S,p2-3-T,p2-4-K,p2-4-Q,p2-5-H,p2-5-L,p2-5-R,p2-7-L,p2-7-W,p2-9-A,p2-9-T,p2-10-A,p2-10-V,p2-11-H,p2-11-R,p2-12-A,p2-12-E,p2-12-R,p2-12-V,p2-12-W,p2-16-D,p2-16-L,p2-16-Q,p2-16-R,p2-16-W,p2-18-A,p2-18-T,p2-18-V,p2-33-D,p2-33-E,p2-35-E,p2-35-L,p2-35-R,p2-35-T,p2-38-D,p2-38-E,p2-39-G,p2-39-S,p2-39-W,p2-43-H,p2-43-Y,p2-48-E,p2-48-K,p2-52-D,p2-52-E,p2-52-K,p2-53-K,p2-53-T
P-----WIEQEGPEYWDQETR-NMKAHSQTDRANLG-TLRGY-------------,AQITKRKWEAVHAAEQRRV------------YLEGRCVDGLRRY---LENGKETL,55.0,55.0,A*01:01,1,0,0,1,0,0,0,0,1,0,1,0,0,0,0,1,0,0,1,0,0,1,0,0,0,1,0,0,1,0,0,0,0,0,1,0,0,0,1,1,0,0,0,0,1,0,0,0,0,1,0,1,0,1,0,0,0,0,0,1,0,1,0,1,0,1,0,1,0,0,1,1,0,0,0,1,0,1,1,0,0,1,1,0,1,0,0,0,0,0,0,0,1,0,0,0,1,0,1,0,0,1,0,1,0,1,0,0,0,1,1,0,0,1,0,0,1
P-----WIEQEGPEYWDGETR-KVKAHSQTHRVDLG-TLRGY-------------,AQTTKHKWEAAHVAEQLRA------------YLEGTCVEWLRRY---LENGKETL,55.0,55.0,A*02:01,1,0,0,1,0,0,1,0,0,0,1,0,0,0,0,1,0,1,0,0,0,0,0,1,0,1,0,0,1,0,0,0,0,0,1,0,0,0,1,0,0,1,0,0,0,0,1,1,0,0,0,1,0,1,0,0,0,0,0,1,0,1,0,1,0,1,0,0,1,0,1,1,0,1,0,0,0,1,1,0,1,0,1,0,0,0,0,1,0,0,1,0,0,0,1,0,0,0,1,0,0,0,1,0,1,0,0,1,0,1,1,0,0,1,0,0,1
P-----WIEQEGPEYWDGETR-KVKAHSQTHRVDLG-TLRGY-------------,AQTTKHKWETAHEAEQWRA------------YLEGTCVEWLRRY---LENGKETL,55.0,55.0,A*02:03,1,0,0,1,0,0,1,0,0,0,1,0,0,0,0,1,0,1,0,0,0,0,0,1,0,1,0,0,1,0,0,0,0,0,1,0,0,0,1,0,0,1,0,0,0,0,1,1,0,0,0,1,0,1,0,0,0,0,0,1,0,1,0,1,0,1,0,0,1,0,1,1,0,1,0,0,0,1,0,1,1,0,1,0,0,1,0,0,0,0,0,0,0,1,1,0,0,0,1,0,0,0,1,0,1,0,0,1,0,1,1,0,0,1,0,0,1
P-----WIEQEGPEYWDGETR-KVKAHSQTHRVDLG-TLRGY-------------,AQTTKHKWEAAHVAEQLRA------------YLEGTCVEWLRRY---LENGKETL,55.0,55.0,A*02:06,1,0,0,1,0,0,1,0,0,0,1,0,0,0,0,1,0,1,0,0,0,0,0,1,0,1,0,0,1,0,0,0,0,0,1,0,0,0,1,0,0,1,0,0,0,0,1,1,0,0,0,1,0,1,0,0,0,0,0,1,0,1,0,1,0,1,0,0,1,0,1,1,0,1,0,0,0,1,1,0,1,0,1,0,0,0,0,1,0,0,1,0,0,0,1,0,0,0,1,0,0,0,1,0,1,0,0,1,0,1,1,0,0,1,0,0,1
P-----WIEQEGPEYWDGETR-KVKAHSQTHRVDLG-TLRGY-------------,AQTTKHKWEAAHVAEQLRA------------YLEGTCVEWLRRY---LENGKETL,55.0,55.0,A*02:07,1,0,0,1,0,0,1,0,0,0,1,0,0,0,0,1,0,1,0,0,0,0,0,1,0,1,0,0,1,0,0,0,0,0,1,0,0,0,1,0,0,1,0,0,0,0,1,1,0,0,0,1,0,1,0,0,0,0,0,1,0,1,0,1,0,1,0,0,1,0,1,1,0,1,0,0,0,1,1,0,1,0,1,0,0,0,0,1,0,0,1,0,0,0,1,0,0,0,1,0,0,0,1,0,1,0,0,1,0,1,1,0,0,1,0,0,1
P-----WIEQEGPEYWDGETR-KVKAHSQTHRVDLG-TLRGY-------------,AQTTKHKWEAAHVAEQLRA------------YLEGTCVEWLRRY---LENGKETL,55.0,55.0,A*02:10,1,0,0,1,0,0,1,0,0,0,1,0,0,0,0,1,0,1,0,0,0,0,0,1,0,1,0,0,1,0,0,0,0,0,1,0,0,0,1,0,0,1,0,0,0,0,1,1,0,0,0,1,0,1,0,0,0,0,0,1,0,1,0,1,0,1,0,0,1,0,1,1,0,1,0,0,0,1,1,0,1,0,1,0,0,0,0,1,0,0,1,0,0,0,1,0,0,0,1,0,0,0,1,0,1,0,0,1,0,1,1,0,0,1,0,0,1
P-----WIEQEGPEYWDQETR-NVKAQSQTDRVDLG-TLRGY-------------,AQITKRKWEAAHEAEQLRA------------YLDGTCVEWLRRY---LENGKETL,55.0,55.0,A*03:01,1,0,0,1,0,0,0,0,1,0,1,0,0,0,0,1,0,0,1,0,0,0,0,1,0,1,0,0,0,0,0,1,0,0,1,0,0,0,1,1,0,0,0,0,0,0,1,1,0,0,0,1,0,1,0,0,0,0,0,1,0,1,0,1,0,1,0,1,0,0,1,1,0,0,0,1,0,1,1,0,1,0,1,0,0,1,0,0,0,0,1,0,0,0,1,0,0,1,0,0,0,0,1,0,1,0,0,1,0,1,1,0,0,1,0,0,1
P-----WIEQEGPEYWDQETR-NVKAQSQTDRVDLG-TLRGY-------------,AQITKRKWEAAHVAEQQRA------------YLDGTCVEWLRRY---LENGKETL,55.0,55.0,A*03:02,1,0,0,1,0,0,0,0,1,0,1,0,0,0,0,1,0,0,1,0,0,0,0,1,0,1,0,0,0,0,0,1,0,0,1,0,0,0,1,1,0,0,0,0,0,0,1,1,0,0,0,1,0,1,0,0,0,0,0,1,0,1,0,1,0,1,0,1,0,0,1,1,0,0,0,1,0,1,1,0,1,0,1,0,0,0,0,1,0,0,0,1,0,0,1,0,0,1,0,0,0,0,1,0,1,0,0,1,0,1,1,0,0,1,0,0,1
P-----WIEQEGPEYWDQETR-NVKAQSQTDRVDLG-TLRGY-------------,AQITKRKWEAAHAAEQQRA------------YLEGRCVEWLRRY---LENGKETL,55.0,55.0,A*11:01,1,0,0,1,0,0,0,0,1,0,1,0,0,0,0,1,0,0,1,0,0,0,0,1,0,1,0,0,0,0,0,1,0,0,1,0,0,0,1,1,0,0,0,0,0,0,1,1,0,0,0,1,0,1,0,0,0,0,0,1,0,1,0,1,0,1,0,1,0,0,1,1,0,0,0,1,0,1,1,0,1,0,1,0,1,0,0,0,0,0,0,1,0,0,1,0,0,0,1,0,0,1,0,0,1,0,0,1,0,1,1,0,0,1,0,0,1
P-----WIEQEGPEYWDRNTR-NVKAQSQTDRVDLG-TLRGY-------------,AQITKRKWEAAHAAEQQRA------------YLEGRCVEWLRRY---LENGKETL,55.0,55.0,A*11:10,1,0,0,1,0,0,0,0,0,1,0,1,0,0,0,1,0,0,1,0,0,0,0,1,0,1,0,0,0,0,0,1,0,0,1,0,0,0,1,1,0,0,0,0,0,0,1,1,0,0,0,1,0,1,0,0,0,0,0,1,0,1,0,1,0,1,0,1,0,0,1,1,0,0,0,1,0,1,1,0,1,0,1,0,1,0,0,0,0,0,0,1,0,0,1,0,0,0,1,0,0,1,0,0,1,0,0,1,0,1,1,0,0,1,0,0,1
P-----WIEQEGPEYWDEETG-KVKAHSQTDRENLRIALR-Y-------------,AQITKRKWEAAHVAEQQRA------------YLEGTCVDGLRRY---LENGKETL,55.0,55.0,A*24:02,1,0,0,1,0,1,0,0,0,0,1,0,0,1,0,0,0,1,0,0,0,0,0,1,0,1,0,0,1,0,0,0,0,0,1,0,0,0,1,1,0,0,0,0,0,1,0,0,0,1,0,0,1,0,1,1,0,0,0,0,0,1,0,1,1,0,0,1,0,0,1,1,0,0,0,1,0,1,1,0,1,0,1,0,0,0,0,1,0,0,0,1,0,0,1,0,0,0,1,0,0,0,1,1,0,1,0,0,0,1,1,0,0,1,0,0,1
P-----WIEQEGPEYWDEETG-KVKAHSQTDRENLRIALR-Y-------------,AQITQRKWEAAHVAEQQRA------------YLEGTCVDGLRRY---LENGKETL,55.0,55.0,A*24:05,1,0,0,1,0,1,0,0,0,0,1,0,0,1,0,0,0,1,0,0,0,0,0,1,0,1,0,0,1,0,0,0,0,0,1,0,0,0,1,1,0,0,0,0,0,1,0,0,0,1,0,0,1,0,1,1,0,0,0,0,0,1,0,1,1,0,0,1,0,0,1,0,1,0,0,1,0,1,1,0,1,0,1,0,0,0,0,1,0,0,0,1,0,0,1,0,0,0,1,0,0,0,1,1,0,1,0,0,0,1,1,0,0,1,0,0,1
P-----WIEQEGPEYWDEETG-KVKAQSQTDRENLRIALR-Y-------------,AQITKRKWEAAHVAEQQRA------------YLEGTCVDGLRRY---LENGKETL,55.0,55.0,A*24:07,1,0,0,1,0,1,0,0,0,0,1,0,0,1,0,0,0,1,0,0,0,0,0,1,0,1,0,0,0,0,0,1,0,0,1,0,0,0,1,1,0,0,0,0,0,1,0,0,0,1,0,0,1,0,1,1,0,0,0,0,0,1,0,1,1,0,0,1,0,0,1,1,0,0,0,1,0,1,1,0,1,0,1,0,0,0,0,1,0,0,0,1,0,0,1,0,0,0,1,0,0,0,1,1,0,1,0,0,0,1,1,0,0,1,0,0,1
P-----WIEQEGPEYWDEETG-KVKAHSQTDRENLRIALR-Y-------------,AQITKRKWEAAHVAEQQRA------------YLEGRCVEWLRRY---LENGKETL,55.0,55.0,A*24:10,1,0,0,1,0,1,0,0,0,0,1,0,0,1,0,0,0,1,0,0,0,0,0,1,0,1,0,0,1,0,0,0,0,0,1,0,0,0,1,1,0,0,0,0,0,1,0,0,0,1,0,0,1,0,1,1,0,0,0,0,0,1,0,1,1,0,0,1,0,0,1,1,0,0,0,1,0,1,1,0,1,0,1,0,0,0,0,1,0,0,0,1,0,0,1,0,0,0,1,0,0,1,0,0,1,0,0,1,0,1,1,0,0,1,0,0,1
P-----WIEQEGPEYWDEETG-KVKAHSQTDRENLRIALR-Y-------------,AQITKRKWEAAHVAEQQRA------------YLEGTCVDGLRRY---LENGKETL,55.0,55.0,A*24:20,1,0,0,1,0,1,0,0,0,0,1,0,0,1,0,0,0,1,0,0,0,0,0,1,0,1,0,0,1,0,0,0,0,0,1,0,0,0,1,1,0,0,0,0,0,1,0,0,0,1,0,0,1,0,1,1,0,0,0,0,0,1,0,1,1,0,0,1,0,0,1,1,0,0,0,1,0,1,1,0,1,0,1,0,0,0,0,1,0,0,0,1,0,0,1,0,0,0,1,0,0,0,1,1,0,1,0,0,0,1,1,0,0,1,0,0,1
P-----WIEQEGPEYWDRNTR-NVKAHSQTDRESLR-IALRY-------------,AQITQRKWETAHEAEQWRA------------YLEGRCVEWLRRY---LENGKETL,55.0,55.0,A*25:01,1,0,0,1,0,0,0,0,0,1,0,1,0,0,0,1,0,0,1,0,0,0,0,1,0,1,0,0,1,0,0,0,0,0,1,0,0,0,1,1,0,0,0,0,0,1,0,0,0,0,1,0,1,1,0,0,1,0,0,0,1,0,1,0,0,0,1,1,0,0,1,0,1,0,0,1,0,1,0,1,1,0,1,0,0,1,0,0,0,0,0,0,0,1,1,0,0,0,1,0,0,1,0,0,1,0,0,1,0,1,1,0,0,1,0,0,1
P-----WIEQEGPEYWDRNTR-NVKAHSQTDRANLG-TLRGY-------------,AQITQRKWETAHEAEQWRA------------YLEGRCVEWLRRY---LENGKETL,55.0,55.0,A*26:01,1,0,0,1,0,0,0,0,0,1,0,1,0,0,0,1,0,0,1,0,0,0,0,1,0,1,0,0,1,0,0,0,0,0,1,0,0,0,1,1,0,0,0,0,1,0,0,0,0,1,0,1,0,1,0,0,0,0,0,1,0,1,0,1,0,1,0,1,0,0,1,0,1,0,0,1,0,1,0,1,1,0,1,0,0,1,0,0,0,0,0,0,0,1,1,0,0,0,1,0,0,1,0,0,1,0,0,1,0,1,1,0,0,1,0,0,1
P-----WIEQEGPEYWDRNTR-NVKAHSQTDRANLG-TLRGY-------------,AQITQRKWETAHEAEQWRA------------YLEGRCVEWLRRY---LENGKETL,55.0,55.0,A*26:02,1,0,0,1,0,0,0,0,0,1,0,1,0,0,0,1,0,0,1,0,0,0,0,1,0,1,0,0,1,0,0,0,0,0,1,0,0,0,1,1,0,0,0,0,1,0,0,0,0,1,0,1,0,1,0,0,0,0,0,1,0,1,0,1,0,1,0,1,0,0,1,0,1,0,0,1,0,1,0,1,1,0,1,0,0,1,0,0,0,0,0,0,0,1,1,0,0,0,1,0,0,1,0,0,1,0,0,1,0,1,1,0,0,1,0,0,1
P-----WIEQEGPEYWDRNTR-NVKAHSQTHRVDLG-TLRGY-------------,AQITQRKWETAHEAEQWRA------------YLEGRCVEWLRRY---LENGKETL,55.0,55.0,A*26:03,1,0,0,1,0,0,0,0,0,1,0,1,0,0,0,1,0,0,1,0,0,0,0,1,0,1,0,0,1,0,0,0,0,0,1,0,0,0,1,0,0,1,0,0,0,0,1,1,0,0,0,1,0,1,0,0,0,0,0,1,0,1,0,1,0,1,0,1,0,0,1,0,1,0,0,1,0,1,0,1,1,0,1,0,0,1,0,0,0,0,0,0,0,1,1,0,0,0,1,0,0,1,0,0,1,0,0,1,0,1,1,0,0,1,0,0,1
P-----WIEQEGPEYWDRNTR-NVKAHSQTDRENLG-TLRGY-------------,AQITQRKWETAHEAEQWRA------------YLEGRCVEWLRRY---LENGKETL,55.0,55.0,A*26:05,1,0,0,1,0,0,0,0,0,1,0,1,0,0,0,1,0,0,1,0,0,0,0,1,0,1,0,0,1,0,0,0,0,0,1,0,0,0,1,1,0,0,0,0,0,1,0,0,0,1,0,1,0,1,0,0,0,0,0,1,0,1,0,1,0,1,0,1,0,0,1,0,1,0,0,1,0,1,0,1,1,0,1,0,0,1,0,0,0,0,0,0,0,1,1,0,0,0,1,0,0,1,0,0,1,0,0,1,0,1,1,0,0,1,0,0,1
P-----WIEQEGPEYWDLQTR-NVKAQSQTDRANLG-TLRGY-------------,AQITQRKWEAARVAEQLRA------------YLEGTCVEWLRRY---LENGKETL,55.0,55.0,A*29:01,1,0,0,1,0,0,0,1,0,0,0,0,1,0,0,1,0,0,1,0,0,0,0,1,0,1,0,0,0,0,0,1,0,0,1,0,0,0,1,1,0,0,0,0,1,0,0,0,0,1,0,1,0,1,0,0,0,0,0,1,0,1,0,1,0,1,0,1,0,0,1,0,1,0,0,1,0,1,1,0,1,0,0,1,0,0,0,1,0,0,1,0,0,0,1,0,0,0,1,0,0,0,1,0,1,0,0,1,0,1,1,0,0,1,0,0,1
P-----WIEQEGPEYWDLQTR-NVKAQSQTDRANLG-TLRGY-------------,AQITQRKWEAARVAEQLRA------------YLEGTCVEWLRRY---LENGKETL,55.0,55.0,A*29:02,1,0,0,1,0,0,0,1,0,0,0,0,1,0,0,1,0,0,1,0,0,0,0,1,0,1,0,0,0,0,0,1,0,0,1,0,0,0,1,1,0,0,0,0,1,0,0,0,0,1,0,1,0,1,0,0,0,0,0,1,0,1,0,1,0,1,0,1,0,0,1,0,1,0,0,1,0,1,1,0,1,0,0,1,0,0,0,1,0,0,1,0,0,0,1,0,0,0,1,0,0,0,1,0,1,0,0,1,0,1,1,0,0,1,0,0,1
P-----WIEQERPEYWDQETR-NVKAQSQTDRVDLG-TLRGY-------------,AQITQRKWEAARWAEQLRA------------YLEGTCVEWLRRY---LENGKETL,55.0,55.0,A*30:01,1,0,0,0,1,0,0,0,1,0,1,0,0,0,0,1,0,0,1,0,0,0,0,1,0,1,0,0,0,0,0,1,0,0,1,0,0,0,1,1,0,0,0,0,0,0,1,1,0,0,0,1,0,1,0,0,0,0,0,1,0,1,0,1,0,1,0,1,0,0,1,0,1,0,0,1,0,1,1,0,1,0,0,1,0,0,0,0,1,0,1,0,0,0,1,0,0,0,1,0,0,0,1,0,1,0,0,1,0,1,1,0,0,1,0,0,1
P-----WIEQERPEYWDQETR-NVKAHSQTDRENLG-TLRGY-------------,AQITQRKWEAARRAEQLRA------------YLEGTCVEWLRRY---LENGKETL,55.0,55.0,A*30:02,1,0,0,0,1,0,0,0,1,0,1,0,0,0,0,1,0,0,1,0,0,0,0,1,0,1,0,0,1,0,0,0,0,0,1,0,0,0,1,1,0,0,0,0,0,1,0,0,0,1,0,1,0,1,0,0,0,0,0,1,0,1,0,1,0,1,0,1,0,0,1,0,1,0,0,1,0,1,1,0,1,0,0,1,0,0,1,0,0,0,1,0,0,0,1,0,0,0,1,0,0,0,1,0,1,0,0,1,0,1,1,0,0,1,0,0,1
P-----WIEQERPEYWDQETR-NVKAHSQIDRVDLG-TLRGY-------------,AQITQRKWEAARVAEQLRA------------YLEGTCVEWLRRY---LENGKETL,55.0,55.0,A*31:01,1,0,0,0,1,0,0,0,1,0,1,0,0,0,0,1,0,0,1,0,0,0,0,1,0,1,0,0,1,0,0,0,0,0,1,0,0,1,0,1,0,0,0,0,0,0,1,1,0,0,0,1,0,1,0,0,0,0,0,1,0,1,0,1,0,1,0,1,0,0,1,0,1,0,0,1,0,1,1,0,1,0,0,1,0,0,0,1,0,0,1,0,0,0,1,0,0,0,1,0,0,0,1,0,1,0,0,1,0,1,1,0,0,1,0,0,1
P-----WIEQEGPEYWDQETR-NVKAHSQTDRESLR-IALRY-------------,AQITQRKWEAARVAEQLRA------------YLEGTCVEWLRRY---LENGKETL,55.0,55.0,A*32:01,1,0,0,1,0,0,0,0,1,0,1,0,0,0,0,1,0,0,1,0,0,0,0,1,0,1,0,0,1,0,0,0,0,0,1,0,0,0,1,1,0,0,0,0,0,1,0,0,0,0,1,0,1,1,0,0,1,0,0,0,1,0,1,0,0,0,1,1,0,0,1,0,1,0,0,1,0,1,1,0,1,0,0,1,0,0,0,1,0,0,1,0,0,0,1,0,0,0,1,0,0,0,1,0,1,0,0,1,0,1,1,0,0,1,0,0,1
P-----WIEQEGPEYWDRNTR-NVKAHSQIDRVDLG-TLRGY-------------,AQITQRKWEAARVAEQLRA------------YLEGTCVEWLRRH---LENGKETL,55.0,55.0,A*33:01,1,0,0,1,0,0,0,0,0,1,0,1,0,0,0,1,0,0,1,0,0,0,0,1,0,1,0,0,1,0,0,0,0,0,1,0,0,1,0,1,0,0,0,0,0,0,1,1,0,0,0,1,0,1,0,0,0,0,0,1,0,1,0,1,0,1,0,1,0,0,1,0,1,0,0,1,0,1,1,0,1,0,0,1,0,0,0,1,0,0,1,0,0,0,1,0,0,0,1,0,0,0,1,0,1,0,0,1,1,0,1,0,0,1,0,0,1
P-----WIEQEGPEYWDRNTR-NVKAHSQIDRVDLG-TLRGY-------------,AQITQRKWEAARVAEQLRA------------YLEGTCVEWLRRY---LENGKETL,55.0,55.0,A*33:03,1,0,0,1,0,0,0,0,0,1,0,1,0,0,0,1,0,0,1,0,0,0,0,1,0,1,0,0,1,0,0,0,0,0,1,0,0,1,0,1,0,0,0,0,0,0,1,1,0,0,0,1,0,1,0,0,0,0,0,1,0,1,0,1,0,1,0,1,0,0,1,0,1,0,0,1,0,1,1,0,1,0,0,1,0,0,0,1,0,0,1,0,0,0,1,0,0,0,1,0,0,0,1,0,1,0,0,1,0,1,1,0,0,1,0,0,1
P-----WIEQEGPEYWDRNTR-NVKAQSQTDRVDLG-TLRGY-------------,AQITQRKWETAHEAEQWRA------------YLEGRCVEWLRRY---LENGKETL,55.0,55.0,A*66:01,1,0,0,1,0,0,0,0,0,1,0,1,0,0,0,1,0,0,1,0,0,0,0,1,0,1,0,0,0,0,0,1,0,0,1,0,0,0,1,1,0,0,0,0,0,0,1,1,0,0,0,1,0,1,0,0,0,0,0,1,0,1,0,1,0,1,0,1,0,0,1,0,1,0,0,1,0,1,0,1,1,0,1,0,0,1,0,0,0,0,0,0,0,1,1,0,0,0,1,0,0,1,0,0,1,0,0,1,0,1,1,0,0,1,0,0,1
P-----WIEQEGPEYWDRNTR-NVKAQSQTDRVDLG-TLRGY-------------,AQTTKHKWEAAHVAEQWRA------------YLEGTCVEWLRRY---LENGKETL,55.0,55.0,A*68:01,1,0,0,1,0,0,0,0,0,1,0,1,0,0,0,1,0,0,1,0,0,0,0,1,0,1,0,0,0,0,0,1,0,0,1,0,0,0,1,1,0,0,0,0,0,0,1,1,0,0,0,1,0,1,0,0,0,0,0,1,0,1,0,1,0,1,0,0,1,0,1,1,0,1,0,0,0,1,1,0,1,0,1,0,0,0,0,1,0,0,0,0,0,1,1,0,0,0,1,0,0,0,1,0,1,0,0,1,0,1,1,0,0,1,0,0,1
P-----WIEQEGPEYWDRNTR-NVKAQSQTDRVDLG-TLRGY-------------,AQTTKHKWEAAHVAEQLRA------------YLEGTCVEWLRRY---LENGKETL,55.0,55.0,A*69:01,1,0,0,1,0,0,0,0,0,1,0,1,0,0,0,1,0,0,1,0,0,0,0,1,0,1,0,0,0,0,0,1,0,0,1,0,0,0,1,1,0,0,0,0,0,0,1,1,0,0,0,1,0,1,0,0,0,0,0,1,0,1,0,1,0,1,0,0,1,0,1,1,0,1,0,0,0,1,1,0,1,0,1,0,0,0,0,1,0,0,1,0,0,0,1,0,0,0,1,0,0,0,1,0,1,0,0,1,0,1,1,0,0,1,0,0,1
P-----WIEQEEPEYWDEETR-NVKAHSQTNRANLG-TLRGY-------------,AQITKRKWEAARRAEQLRA------------YLEGECVDGLRRY---LENGKETL,55.0,55.0,A*80:01,1,0,1,0,0,1,0,0,0,0,1,0,0,0,0,1,0,0,1,0,0,0,0,1,0,1,0,0,1,0,0,0,0,0,1,0,0,0,1,0,0,0,1,0,1,0,0,0,0,1,0,1,0,1,0,0,0,0,0,1,0,1,0,1,0,1,0,1,0,0,1,1,0,0,0,1,0,1,1,0,1,0,0,1,0,0,1,0,0,0,1,0,0,0,1,0,0,0,1,1,0,0,0,1,0,1,0,0,0,1,1,0,0,1,0,0,1
P-----WIEQEGPEYWDRNTQ-IYKAQAQTDRESLR-NLRGY-------------,AQITQRKWEAAREAEQRRA------------YLEGECVEWLRRY---LENGKDKL,55.0,55.0,B*07:02,1,0,0,1,0,0,0,0,0,1,0,1,0,0,1,0,1,0,0,0,0,0,0,0,1,1,0,0,0,0,0,1,0,1,0,0,0,0,1,1,0,0,0,0,0,1,0,0,0,0,1,0,1,1,0,0,0,0,1,0,0,1,0,1,0,1,0,1,0,0,1,0,1,0,0,1,0,1,1,0,1,0,0,1,0,1,0,0,0,0,0,0,1,0,1,0,0,0,1,1,0,0,0,0,1,0,0,1,0,1,1,0,1,0,0,1,0
P-----WIEQEGPEYWDRNTQ-IYKAQAQTDRESLR-NLRGY-------------,AQITQRKWEAAREAEQRRA------------YLEGECVEWLRRY---LENGKDKL,55.0,55.0,B*07:05,1,0,0,1,0,0,0,0,0,1,0,1,0,0,1,0,1,0,0,0,0,0,0,0,1,1,0,0,0,0,0,1,0,1,0,0,0,0,1,1,0,0,0,0,0,1,0,0,0,0,1,0,1,1,0,0,0,0,1,0,0,1,0,1,0,1,0,1,0,0,1,0,1,0,0,1,0,1,1,0,1,0,0,1,0,1,0,0,0,0,0,0,1,0,1,0,0,0,1,1,0,0,0,0,1,0,0,1,0,1,1,0,1,0,0,1,0
P-----WIEQEGPEYWDRNTQ-IFKTNTQTDRESLR-NLRGY-------------,AQITQRKWEAARVAEQDRA------------YLEGTCVEWLRRY---LENGKDTL,55.0,55.0,B*08:01,1,0,0,1,0,0,0,0,0,1,0,1,0,0,1,0,1,0,0,0,1,0,0,0,0,0,0,1,0,0,1,0,0,0,0,1,0,0,1,1,0,0,0,0,0,1,0,0,0,0,1,0,1,1,0,0,0,0,1,0,0,1,0,1,0,1,0,1,0,0,1,0,1,0,0,1,0,1,1,0,1,0,0,1,0,0,0,1,0,1,0,0,0,0,1,0,0,0,1,0,0,0,1,0,1,0,0,1,0,1,1,0,1,0,0,0,1
P-----WIEQEGPEYWDRETQ-ISKTNTQTYRENLR-TALRY-------------,AQITQLKWEAARVAEQLRA------------YLEGECVEWLRRY---LENGKETL,55.0,55.0,B*13:01,1,0,0,1,0,0,0,0,0,1,1,0,0,0,1,0,1,0,0,0,0,0,1,0,0,0,0,1,0,0,1,0,0,0,0,1,0,0,1,0,0,0,0,1,0,1,0,0,0,1,0,0,1,1,0,0,0,0,0,1,1,0,1,0,0,0,1,1,0,0,1,0,1,0,1,0,0,1,1,0,1,0,0,1,0,0,0,1,0,0,1,0,0,0,1,0,0,0,1,1,0,0,0,0,1,0,0,1,0,1,1,0,0,1,0,0,1
P-----WIEQEGPEYWDRETQ-ISKTNTQTYRENLR-TALRY-------------,AQITQLKWEAARVAEQLRA------------YLEGECVEWLRRY---LENGKETL,55.0,55.0,B*13:02,1,0,0,1,0,0,0,0,0,1,1,0,0,0,1,0,1,0,0,0,0,0,1,0,0,0,0,1,0,0,1,0,0,0,0,1,0,0,1,0,0,0,0,1,0,1,0,0,0,1,0,0,1,1,0,0,0,0,0,1,1,0,1,0,0,0,1,1,0,0,1,0,1,0,1,0,0,1,1,0,1,0,0,1,0,0,0,1,0,0,1,0,0,0,1,0,0,0,1,1,0,0,0,0,1,0,0,1,0,1,1,0,0,1,0,0,1
P-----WIEQEGPEYWDRETQ-ISKTNTQTYRENLR-TALRY-------------,AQITQLKWEAARVAEQLRA------------YLEGECVEWLRRY---LENGKETL,55.0,55.0,B*13:10,1,0,0,1,0,0,0,0,0,1,1,0,0,0,1,0,1,0,0,0,0,0,1,0,0,0,0,1,0,0,1,0,0,0,0,1,0,0,1,0,0,0,0,1,0,1,0,0,0,1,0,0,1,1,0,0,0,0,0,1,1,0,1,0,0,0,1,1,0,0,1,0,1,0,1,0,0,1,1,0,1,0,0,1,0,0,0,1,0,0,1,0,0,0,1,0,0,0,1,1,0,0,0,0,1,0,0,1,0,1,1,0,0,1,0,0,1
P-----WIEQEGPEYWDRETQ-ISKTNTQTYRENLR-TALRY-------------,AQITQLKWEAARVAEQLRA------------YLEGECVEWLRRH---LENGKETL,55.0,55.0,B*13:15,1,0,0,1,0,0,0,0,0,1,1,0,0,0,1,0,1,0,0,0,0,0,1,0,0,0,0,1,0,0,1,0,0,0,0,1,0,0,1,0,0,0,0,1,0,1,0,0,0,1,0,0,1,1,0,0,0,0,0,1,1,0,1,0,0,0,1,1,0,0,1,0,1,0,1,0,0,1,1,0,1,0,0,1,0,0,0,1,0,0,1,0,0,0,1,0,0,0,1,1,0,0,0,0,1,0,0,1,1,0,1,0,0,1,0,0,1
P-----WIEQEGPEYWDRETQ-ISKTNTQTYRESLR-NLRGY-------------,AQITQRKWEAAREAEQWRA------------YLEGLCVEWLRRY---LENGKETL,55.0,55.0,B*15:01,1,0,0,1,0,0,0,0,0,1,1,0,0,0,1,0,1,0,0,0,0,0,1,0,0,0,0,1,0,0,1,0,0,0,0,1,0,0,1,0,0,0,0,1,0,1,0,0,0,0,1,0,1,1,0,0,0,0,1,0,0,1,0,1,0,1,0,1,0,0,1,0,1,0,0,1,0,1,1,0,1,0,0,1,0,1,0,0,0,0,0,0,0,1,1,0,0,0,1,0,1,0,0,0,1,0,0,1,0,1,1,0,0,1,0,0,1
P-----WIEQEGPEYWDRNTQ-ISKTNTQTYRESLR-NLRGY-------------,AQITQRKWEAAREAEQLRA------------YLEGLCVEWLRRY---LENGKETL,55.0,55.0,B*15:02,1,0,0,1,0,0,0,0,0,1,0,1,0,0,1,0,1,0,0,0,0,0,1,0,0,0,0,1,0,0,1,0,0,0,0,1,0,0,1,0,0,0,0,1,0,1,0,0,0,0,1,0,1,1,0,0,0,0,1,0,0,1,0,1,0,1,0,1,0,0,1,0,1,0,0,1,0,1,1,0,1,0,0,1,0,1,0,0,0,0,1,0,0,0,1,0,0,0,1,0,1,0,0,0,1,0,0,1,0,1,1,0,0,1,0,0,1
P-----WIEQEGPEYWDRETQ-ISKTNTQTYRESLR-NLRGY-------------,AQITQRKWEAAREAEQLRA------------YLEGLCVEWLRRY---LENGKETL,55.0,55.0,B*15:03,1,0,0,1,0,0,0,0,0,1,1,0,0,0,1,0,1,0,0,0,0,0,1,0,0,0,0,1,0,0,1,0,0,0,0,1,0,0,1,0,0,0,0,1,0,1,0,0,0,0,1,0,1,1,0,0,0,0,1,0,0,1,0,1,0,1,0,1,0,0,1,0,1,0,0,1,0,1,1,0,1,0,0,1,0,1,0,0,0,0,1,0,0,0,1,0,0,0,1,0,1,0,0,0,1,0,0,1,0,1,1,0,0,1,0,0,1
P-----WIEQEGPEYWDRETQ-ISKTNTQTYRESLR-NLRGY-------------,AQITQRKWEAAREAEQWRA------------YLEGLCVEWLRRY---LENGKETL,55.0,55.0,B*15:07,1,0,0,1,0,0,0,0,0,1,1,0,0,0,1,0,1,0,0,0,0,0,1,0,0,0,0,1,0,0,1,0,0,0,0,1,0,0,1,0,0,0,0,1,0,1,0,0,0,0,1,0,1,1,0,0,0,0,1,0,0,1,0,1,0,1,0,1,0,0,1,0,1,0,0,1,0,1,1,0,1,0,0,1,0,1,0,0,0,0,0,0,0,1,1,0,0,0,1,0,1,0,0,0,1,0,0,1,0,1,1,0,0,1,0,0,1
P-----WIEQEGPEYWDRNTQ-IYKTNTQTYRESLR-NLRGY-------------,AQITQRKWEAAREAEQWRA------------YLEGLCVEWLRRY---LENGKETL,55.0,55.0,B*15:11,1,0,0,1,0,0,0,0,0,1,0,1,0,0,1,0,1,0,0,0,0,0,0,0,1,0,0,1,0,0,1,0,0,0,0,1,0,0,1,0,0,0,0,1,0,1,0,0,0,0,1,0,1,1,0,0,0,0,1,0,0,1,0,1,0,1,0,1,0,0,1,0,1,0,0,1,0,1,1,0,1,0,0,1,0,1,0,0,0,0,0,0,0,1,1,0,0,0,1,0,1,0,0,0,1,0,0,1,0,1,1,0,0,1,0,0,1
P-----WIEQEGPEYWDRETQ-ISKTNTQTYRESLR-NLRGY-------------,AQITQRKWEAAREAEQWRA------------YLEGLCVDGLRRY---LENGKETL,55.0,55.0,B*15:12,1,0,0,1,0,0,0,0,0,1,1,0,0,0,1,0,1,0,0,0,0,0,1,0,0,0,0,1,0,0,1,0,0,0,0,1,0,0,1,0,0,0,0,1,0,1,0,0,0,0,1,0,1,1,0,0,0,0,1,0,0,1,0,1,0,1,0,1,0,0,1,0,1,0,0,1,0,1,1,0,1,0,0,1,0,1,0,0,0,0,0,0,0,1,1,0,0,0,1,0,1,0,0,1,0,1,0,0,0,1,1,0,0,1,0,0,1
P-----WIEQEGPEYWDRNTQ-ISKTNTQTYRENLR-IALRY-------------,AQITQRKWEAAREAEQLRA------------YLEGLCVEWLRRY---LENGKETL,55.0,55.0,B*15:13,1,0,0,1,0,0,0,0,0,1,0,1,0,0,1,0,1,0,0,0,0,0,1,0,0,0,0,1,0,0,1,0,0,0,0,1,0,0,1,0,0,0,0,1,0,1,0,0,0,1,0,0,1,1,0,0,1,0,0,0,1,0,1,0,0,0,1,1,0,0,1,0,1,0,0,1,0,1,1,0,1,0,0,1,0,1,0,0,0,0,1,0,0,0,1,0,0,0,1,0,1,0,0,0,1,0,0,1,0,1,1,0,0,1,0,0,1
P-----WIEQEGPEYWDRNTQ-ICKTNTQTYRESLR-NLRGY-------------,AQITQRKWEAAREAEQLRA------------YLEGLCVEWLRRY---LENGKETL,55.0,55.0,B*15:18,1,0,0,1,0,0,0,0,0,1,0,1,0,0,1,0,1,0,0,1,0,0,0,0,0,0,0,1,0,0,1,0,0,0,0,1,0,0,1,0,0,0,0,1,0,1,0,0,0,0,1,0,1,1,0,0,0,0,1,0,0,1,0,1,0,1,0,1,0,0,1,0,1,0,0,1,0,1,1,0,1,0,0,1,0,1,0,0,0,0,1,0,0,0,1,0,0,0,1,0,1,0,0,0,1,0,0,1,0,1,1,0,0,1,0,0,1
P-----WIEQEGPEYWDRETQ-ISKTNTQTYRESLR-NLRGY-------------,AQITQRKWEAAREAEQWRA------------YLEGLCVDGLRRY---LENGKETL,55.0,55.0,B*15:19,1,0,0,1,0,0,0,0,0,1,1,0,0,0,1,0,1,0,0,0,0,0,1,0,0,0,0,1,0,0,1,0,0,0,0,1,0,0,1,0,0,0,0,1,0,1,0,0,0,0,1,0,1,1,0,0,0,0,1,0,0,1,0,1,0,1,0,1,0,0,1,0,1,0,0,1,0,1,1,0,1,0,0,1,0,1,0,0,0,0,0,0,0,1,1,0,0,0,1,0,1,0,0,1,0,1,0,0,0,1,1,0,0,1,0,0,1
P-----WIEQEGPEYWDRNTQ-ICKTNTQTYRESLR-NLRGY-------------,AQITQRKWEAAREAEQLRA------------YLEGLCVEWLRRY---LENGKETL,55.0,55.0,B*15:21,1,0,0,1,0,0,0,0,0,1,0,1,0,0,1,0,1,0,0,1,0,0,0,0,0,0,0,1,0,0,1,0,0,0,0,1,0,0,1,0,0,0,0,1,0,1,0,0,0,0,1,0,1,1,0,0,0,0,1,0,0,1,0,1,0,1,0,1,0,0,1,0,1,0,0,1,0,1,1,0,1,0,0,1,0,1,0,0,0,0,1,0,0,0,1,0,0,0,1,0,1,0,0,0,1,0,0,1,0,1,1,0,0,1,0,0,1
P-----WIEQEGPEYWDRETQ-ISKTNTQTYRESLR-NLRGY-------------,AQITQRKWEAAREAEQLRA------------YLEGLCVEWLRRY---LENGKETL,55.0,55.0,B*15:25,1,0,0,1,0,0,0,0,0,1,1,0,0,0,1,0,1,0,0,0,0,0,1,0,0,0,0,1,0,0,1,0,0,0,0,1,0,0,1,0,0,0,0,1,0,1,0,0,0,0,1,0,1,1,0,0,0,0,1,0,0,1,0,1,0,1,0,1,0,0,1,0,1,0,0,1,0,1,1,0,1,0,0,1,0,1,0,0,0,0,1,0,0,0,1,0,0,0,1,0,1,0,0,0,1,0,0,1,0,1,1,0,0,1,0,0,1
P-----WIEQEGPEYWDRETQ-ISKTNTQTYRESLR-NLRGY-------------,AQITQRKWEAAREAEQWRA------------YLEGLCVEWLRRY---LENGKETL,55.0,55.0,B*15:27,1,0,0,1,0,0,0,0,0,1,1,0,0,0,1,0,1,0,0,0,0,0,1,0,0,0,0,1,0,0,1,0,0,0,0,1,0,0,1,0,0,0,0,1,0,1,0,0,0,0,1,0,1,1,0,0,0,0,1,0,0,1,0,1,0,1,0,1,0,0,1,0,1,0,0,1,0,1,1,0,1,0,0,1,0,1,0,0,0,0,0,0,0,1,1,0,0,0,1,0,1,0,0,0,1,0,0,1,0,1,1,0,0,1,0,0,1
P-----WIEQEGPEYWDRETQ-ISKTNTQTYRESLR-NLRGY-------------,AQITQRKWEAAREAEQWRA------------YLEGLCVEWLRRY---LENGKETL,55.0,55.0,B*15:35,1,0,0,1,0,0,0,0,0,1,1,0,0,0,1,0,1,0,0,0,0,0,1,0,0,0,0,1,0,0,1,0,0,0,0,1,0,0,1,0,0,0,0,1,0,1,0,0,0,0,1,0,1,1,0,0,0,0,1,0,0,1,0,1,0,1,0,1,0,0,1,0,1,0,0,1,0,1,1,0,1,0,0,1,0,1,0,0,0,0,0,0,0,1,1,0,0,0,1,0,1,0,0,0,1,0,0,1,0,1,1,0,0,1,0,0,1
P-----WIEQEGPEYWDRETQ-ISKTNTQTYRESLR-NLRGY-------------,AQITQRKWEAAREAEQLRA------------YLEGTCVEWLRRY---LENGKETL,55.0,55.0,B*15:42,1,0,0,1,0,0,0,0,0,1,1,0,0,0,1,0,1,0,0,0,0,0,1,0,0,0,0,1,0,0,1,0,0,0,0,1,0,0,1,0,0,0,0,1,0,1,0,0,0,0,1,0,1,1,0,0,0,0,1,0,0,1,0,1,0,1,0,1,0,0,1,0,1,0,0,1,0,1,1,0,1,0,0,1,0,1,0,0,0,0,1,0,0,0,1,0,0,0,1,0,0,0,1,0,1,0,0,1,0,1,1,0,0,1,0,0,1
P-----WIEQEGPEYWDRETQ-ISKTNTQTYRESLR-NLRGY-------------,AQITQRKWEAAREAEQWRA------------YLEGLCVEWLRRY---LENGKETL,55.0,55.0,B*15:58,1,0,0,1,0,0,0,0,0,1,1,0,0,0,1,0,1,0,0,0,0,0,1,0,0,0,0,1,0,0,1,0,0,0,0,1,0,0,1,0,0,0,0,1,0,1,0,0,0,0,1,0,1,1,0,0,0,0,1,0,0,1,0,1,0,1,0,1,0,0,1,0,1,0,0,1,0,1,1,0,1,0,0,1,0,1,0,0,0,0,0,0,0,1,1,0,0,0,1,0,1,0,0,0,1,0,0,1,0,1,1,0,0,1,0,0,1
P-----WIEQEGPEYWDRNTQ-ISKTNTQTYRESLR-NLRGY-------------,AQITQRKWEAARVAEQLRA------------YLEGTCVEWLRRH---LENGKETL,55.0,55.0,B*18:01,1,0,0,1,0,0,0,0,0,1,0,1,0,0,1,0,1,0,0,0,0,0,1,0,0,0,0,1,0,0,1,0,0,0,0,1,0,0,1,0,0,0,0,1,0,1,0,0,0,0,1,0,1,1,0,0,0,0,1,0,0,1,0,1,0,1,0,1,0,0,1,0,1,0,0,1,0,1,1,0,1,0,0,1,0,0,0,1,0,0,1,0,0,0,1,0,0,0,1,0,0,0,1,0,1,0,0,1,1,0,1,0,0,1,0,0,1
P-----WIEQEGPEYWDRNTQ-ISKTNTQTYRESLR-NLRGY-------------,AQITQRKWEAARVAEQLRA------------YLEGTCVEWLRRH---LENGKETL,55.0,55.0,B*18:02,1,0,0,1,0,0,0,0,0,1,0,1,0,0,1,0,1,0,0,0,0,0,1,0,0,0,0,1,0,0,1,0,0,0,0,1,0,0,1,0,0,0,0,1,0,1,0,0,0,0,1,0,1,1,0,0,0,0,1,0,0,1,0,1,0,1,0,1,0,0,1,0,1,0,0,1,0,1,1,0,1,0,0,1,0,0,0,1,0,0,1,0,0,0,1,0,0,0,1,0,0,0,1,0,1,0,0,1,1,0,1,0,0,1,0,0,1
P-----WIEQEGPEYWDRETQ-ICKAKAQTDRESLR-TLLRY-------------,AQITQRKWEAAREAEQLRA------------YLEGECVEWLRRY---LENGKETL,55.0,55.0,B*27:04,1,0,0,1,0,0,0,0,0,1,1,0,0,0,1,0,1,0,0,1,0,0,0,0,0,1,0,0,0,1,0,0,0,1,0,0,0,0,1,1,0,0,0,0,0,1,0,0,0,0,1,0,1,1,0,0,0,0,0,1,0,1,1,0,0,0,1,1,0,0,1,0,1,0,0,1,0,1,1,0,1,0,0,1,0,1,0,0,0,0,1,0,0,0,1,0,0,0,1,1,0,0,0,0,1,0,0,1,0,1,1,0,0,1,0,0,1
P-----WIEQEGPEYWDRETQ-ICKAKAQTDREDLR-TLLRY-------------,AQITQRKWEAARVAEQLRA------------YLEGECVEWLRRY---LENGKETL,55.0,55.0,B*27:05,1,0,0,1,0,0,0,0,0,1,1,0,0,0,1,0,1,0,0,1,0,0,0,0,0,1,0,0,0,1,0,0,0,1,0,0,0,0,1,1,0,0,0,0,0,1,0,1,0,0,0,0,1,1,0,0,0,0,0,1,0,1,1,0,0,0,1,1,0,0,1,0,1,0,0,1,0,1,1,0,1,0,0,1,0,0,0,1,0,0,1,0,0,0,1,0,0,0,1,1,0,0,0,0,1,0,0,1,0,1,1,0,0,1,0,0,1
P-----WIEQEGPEYWDRETQ-ICKAKAQTDRESLR-TLLRY-------------,AQITQRKWEAAREAEQLRA------------YLEGECVEWLRRY---LENGKETL,55.0,55.0,B*27:06,1,0,0,1,0,0,0,0,0,1,1,0,0,0,1,0,1,0,0,1,0,0,0,0,0,1,0,0,0,1,0,0,0,1,0,0,0,0,1,1,0,0,0,0,0,1,0,0,0,0,1,0,1,1,0,0,0,0,0,1,0,1,1,0,0,0,1,1,0,0,1,0,1,0,0,1,0,1,1,0,1,0,0,1,0,1,0,0,0,0,1,0,0,0,1,0,0,0,1,1,0,0,0,0,1,0,0,1,0,1,1,0,0,1,0,0,1
P-----WIEQEGPEYWDRETQ-ICKAKAQTDREDLR-TLLRY-------------,AQITQRKWEAARVAEQLRA------------YLEGECVEWLRRY---LENGKETL,55.0,55.0,B*27:09,1,0,0,1,0,0,0,0,0,1,1,0,0,0,1,0,1,0,0,1,0,0,0,0,0,1,0,0,0,1,0,0,0,1,0,0,0,0,1,1,0,0,0,0,0,1,0,1,0,0,0,0,1,1,0,0,0,0,0,1,0,1,1,0,0,0,1,1,0,0,1,0,1,0,0,1,0,1,1,0,1,0,0,1,0,0,0,1,0,0,1,0,0,0,1,0,0,0,1,1,0,0,0,0,1,0,0,1,0,1,1,0,0,1,0,0,1
P-----WIEQEGPEYWDRNTQ-IFKTNTQTYRESLR-NLRGY-------------,AQITQRKWEAARVAEQLRA------------YLEGLCVEWLRRY---LENGKETL,55.0,55.0,B*35:01,1,0,0,1,0,0,0,0,0,1,0,1,0,0,1,0,1,0,0,0,1,0,0,0,0,0,0,1,0,0,1,0,0,0,0,1,0,0,1,0,0,0,0,1,0,1,0,0,0,0,1,0,1,1,0,0,0,0,1,0,0,1,0,1,0,1,0,1,0,0,1,0,1,0,0,1,0,1,1,0,1,0,0,1,0,0,0,1,0,0,1,0,0,0,1,0,0,0,1,0,1,0,0,0,1,0,0,1,0,1,1,0,0,1,0,0,1
P-----WIEQEGPEYWDRNTQ-IFKTNTQTYRESLR-NLRGY-------------,AQITQRKWEAARVAEQLRA------------YLEGLCVEWLRRY---LENGKETL,55.0,55.0,B*35:03,1,0,0,1,0,0,0,0,0,1,0,1,0,0,1,0,1,0,0,0,1,0,0,0,0,0,0,1,0,0,1,0,0,0,0,1,0,0,1,0,0,0,0,1,0,1,0,0,0,0,1,0,1,1,0,0,0,0,1,0,0,1,0,1,0,1,0,1,0,0,1,0,1,0,0,1,0,1,1,0,1,0,0,1,0,0,0,1,0,0,1,0,0,0,1,0,0,0,1,0,1,0,0,0,1,0,0,1,0,1,1,0,0,1,0,0,1
P-----WIEQEGPEYWDRNTQ-IFKTNTQTYRESLR-NLRGY-------------,AQITQRKWEAARVAEQLRA------------YLEGLCVEWLRRY---LENGKETL,55.0,55.0,B*35:05,1,0,0,1,0,0,0,0,0,1,0,1,0,0,1,0,1,0,0,0,1,0,0,0,0,0,0,1,0,0,1,0,0,0,0,1,0,0,1,0,0,0,0,1,0,1,0,0,0,0,1,0,1,1,0,0,0,0,1,0,0,1,0,1,0,1,0,1,0,0,1,0,1,0,0,1,0,1,1,0,1,0,0,1,0,0,0,1,0,0,1,0,0,0,1,0,0,0,1,0,1,0,0,0,1,0,0,1,0,1,1,0,0,1,0,0,1
P-----WIEQEGPEYWDRNTQ-IFKTNTQTYRESLR-NLRGY-------------,AQITQRKWEAARVAEQRRA------------YLEGLCVEWLRRY---LENGKETL,55.0,55.0,B*35:08,1,0,0,1,0,0,0,0,0,1,0,1,0,0,1,0,1,0,0,0,1,0,0,0,0,0,0,1,0,0,1,0,0,0,0,1,0,0,1,0,0,0,0,1,0,1,0,0,0,0,1,0,1,1,0,0,0,0,1,0,0,1,0,1,0,1,0,1,0,0,1,0,1,0,0,1,0,1,1,0,1,0,0,1,0,0,0,1,0,0,0,0,1,0,1,0,0,0,1,0,1,0,0,0,1,0,0,1,0,1,1,0,0,1,0,0,1
P-----WIEQEGPEYWDRNTQ-IFKTNTQTYRESLR-NLRGY-------------,AQITQRKWEAARVAEQLRA------------YLEGECVEWLRRY---LENGKETL,55.0,55.0,B*35:31,1,0,0,1,0,0,0,0,0,1,0,1,0,0,1,0,1,0,0,0,1,0,0,0,0,0,0,1,0,0,1,0,0,0,0,1,0,0,1,0,0,0,0,1,0,1,0,0,0,0,1,0,1,1,0,0,0,0,1,0,0,1,0,1,0,1,0,1,0,0,1,0,1,0,0,1,0,1,1,0,1,0,0,1,0,0,0,1,0,0,1,0,0,0,1,0,0,0,1,1,0,0,0,0,1,0,0,1,0,1,1,0,0,1,0,0,1
P-----WIEQEGPEYWDRETQ-ISKTNTQTYREDLR-TLLRY-------------,AQITQRKWEAARVAEQDRA------------YLEGTCVEWLRRY---LENGKETL,55.0,55.0,B*37:01,1,0,0,1,0,0,0,0,0,1,1,0,0,0,1,0,1,0,0,0,0,0,1,0,0,0,0,1,0,0,1,0,0,0,0,1,0,0,1,0,0,0,0,1,0,1,0,1,0,0,0,0,1,1,0,0,0,0,0,1,0,1,1,0,0,0,1,1,0,0,1,0,1,0,0,1,0,1,1,0,1,0,0,1,0,0,0,1,0,1,0,0,0,0,1,0,0,0,1,0,0,0,1,0,1,0,0,1,0,1,1,0,0,1,0,0,1
P-----WIEQEGPEYWDRETQ-ISKTNTQTYRENLR-TALRY-------------,AQITQRKWEAARVAEQDRA------------YLEGTCVEWLRRY---LENGKETL,55.0,55.0,B*37:10,1,0,0,1,0,0,0,0,0,1,1,0,0,0,1,0,1,0,0,0,0,0,1,0,0,0,0,1,0,0,1,0,0,0,0,1,0,0,1,0,0,0,0,1,0,1,0,0,0,1,0,0,1,1,0,0,0,0,0,1,1,0,1,0,0,0,1,1,0,0,1,0,1,0,0,1,0,1,1,0,1,0,0,1,0,0,0,1,0,1,0,0,0,0,1,0,0,0,1,0,0,0,1,0,1,0,0,1,0,1,1,0,0,1,0,0,1
P-----WIEQEGPEYWDRNTQ-ICKTNTQTYRENLR-IALRY-------------,AQITQRKWEAARVAEQLRT------------YLEGTCVEWLRRY---LENGKETL,55.0,55.0,B*38:01,1,0,0,1,0,0,0,0,0,1,0,1,0,0,1,0,1,0,0,1,0,0,0,0,0,0,0,1,0,0,1,0,0,0,0,1,0,0,1,0,0,0,0,1,0,1,0,0,0,1,0,0,1,1,0,0,1,0,0,0,1,0,1,0,0,0,1,1,0,0,1,0,1,0,0,1,0,1,1,0,1,0,0,1,0,0,0,1,0,0,1,0,0,0,0,1,0,0,1,0,0,0,1,0,1,0,0,1,0,1,1,0,0,1,0,0,1
P-----WIEQEGPEYWDRNTQ-ICKTNTQTYRENLR-TALRY-------------,AQITQRKWEAARVAEQLRT------------YLEGTCVEWLRRY---LENGKETL,55.0,55.0,B*38:02,1,0,0,1,0,0,0,0,0,1,0,1,0,0,1,0,1,0,0,1,0,0,0,0,0,0,0,1,0,0,1,0,0,0,0,1,0,0,1,0,0,0,0,1,0,1,0,0,0,1,0,0,1,1,0,0,0,0,0,1,1,0,1,0,0,0,1,1,0,0,1,0,1,0,0,1,0,1,1,0,1,0,0,1,0,0,0,1,0,0,1,0,0,0,0,1,0,0,1,0,0,0,1,0,1,0,0,1,0,1,1,0,0,1,0,0,1
P-----WIEQEGPEYWDRNTQ-ICKTNTQTDRESLR-NLRGY-------------,AQITQRKWEAARVAEQLRT------------YLEGTCVEWLRRY---LENGKETL,55.0,55.0,B*39:01,1,0,0,1,0,0,0,0,0,1,0,1,0,0,1,0,1,0,0,1,0,0,0,0,0,0,0,1,0,0,1,0,0,0,0,1,0,0,1,1,0,0,0,0,0,1,0,0,0,0,1,0,1,1,0,0,0,0,1,0,0,1,0,1,0,1,0,1,0,0,1,0,1,0,0,1,0,1,1,0,1,0,0,1,0,0,0,1,0,0,1,0,0,0,0,1,0,0,1,0,0,0,1,0,1,0,0,1,0,1,1,0,0,1,0,0,1
P-----WIEQEGPEYWDRETQ-ISKTNTQTDRESLR-NLRGY-------------,AQITQRKWEAARVAEQLRT------------YLEGTCVEWLRRY---LENGKETL,55.0,55.0,B*39:02,1,0,0,1,0,0,0,0,0,1,1,0,0,0,1,0,1,0,0,0,0,0,1,0,0,0,0,1,0,0,1,0,0,0,0,1,0,0,1,1,0,0,0,0,0,1,0,0,0,0,1,0,1,1,0,0,0,0,1,0,0,1,0,1,0,1,0,1,0,0,1,0,1,0,0,1,0,1,1,0,1,0,0,1,0,0,0,1,0,0,1,0,0,0,0,1,0,0,1,0,0,0,1,0,1,0,0,1,0,1,1,0,0,1,0,0,1
P-----WIEQEGPEYWDRNTQ-ICKTNTQTDRESLR-NLRGY-------------,AQITQRKWEAARVAEQLRT------------YLEGTCVEWLRRY---LENGKETL,55.0,55.0,B*39:04,1,0,0,1,0,0,0,0,0,1,0,1,0,0,1,0,1,0,0,1,0,0,0,0,0,0,0,1,0,0,1,0,0,0,0,1,0,0,1,1,0,0,0,0,0,1,0,0,0,0,1,0,1,1,0,0,0,0,1,0,0,1,0,1,0,1,0,1,0,0,1,0,1,0,0,1,0,1,1,0,1,0,0,1,0,0,0,1,0,0,1,0,0,0,0,1,0,0,1,0,0,0,1,0,1,0,0,1,0,1,1,0,0,1,0,0,1
P-----WIEQEGPEYWDRNTQ-ICKTNTQTYRESLR-NLRGY-------------,AQITQRKWEAARVAEQLRT------------YLEGTCVEWLRRY---LENGKETL,55.0,55.0,B*39:05,1,0,0,1,0,0,0,0,0,1,0,1,0,0,1,0,1,0,0,1,0,0,0,0,0,0,0,1,0,0,1,0,0,0,0,1,0,0,1,0,0,0,0,1,0,1,0,0,0,0,1,0,1,1,0,0,0,0,1,0,0,1,0,1,0,1,0,1,0,0,1,0,1,0,0,1,0,1,1,0,1,0,0,1,0,0,0,1,0,0,1,0,0,0,0,1,0,0,1,0,0,0,1,0,1,0,0,1,0,1,1,0,0,1,0,0,1
P-----WIEQEGPEYWDRNTQ-ICKTNTQTDRESLR-NLRGY-------------,AQITQRKWEAARVAEQLRT------------YLEGTCVEWLRRY---LENGKETL,55.0,55.0,B*39:09,1,0,0,1,0,0,0,0,0,1,0,1,0,0,1,0,1,0,0,1,0,0,0,0,0,0,0,1,0,0,1,0,0,0,0,1,0,0,1,1,0,0,0,0,0,1,0,0,0,0,1,0,1,1,0,0,0,0,1,0,0,1,0,1,0,1,0,1,0,0,1,0,1,0,0,1,0,1,1,0,1,0,0,1,0,0,0,1,0,0,1,0,0,0,0,1,0,0,1,0,0,0,1,0,1,0,0,1,0,1,1,0,0,1,0,0,1
P-----WIEQEGPEYWDRETQ-ISKTNTQTYRESLR-NLRGY-------------,AQISQRKLEAARVAEQLRA------------YLEGECVEWLRRY---LENGKDKL,55.0,55.0,B*40:01,1,0,0,1,0,0,0,0,0,1,1,0,0,0,1,0,1,0,0,0,0,0,1,0,0,0,0,1,0,0,1,0,0,0,0,1,0,0,1,0,0,0,0,1,0,1,0,0,0,0,1,0,1,1,0,0,0,0,1,0,0,1,0,1,0,1,0,1,0,1,0,0,1,0,0,1,1,0,1,0,1,0,0,1,0,0,0,1,0,0,1,0,0,0,1,0,0,0,1,1,0,0,0,0,1,0,0,1,0,1,1,0,1,0,0,1,0
P-----WIEQEGPEYWDRETQ-ISKTNTQTYRESLR-NLRGY-------------,AQITQRKWEAARVAEQLRA------------YLEGECVEWLRRY---LENGKETL,55.0,55.0,B*40:02,1,0,0,1,0,0,0,0,0,1,1,0,0,0,1,0,1,0,0,0,0,0,1,0,0,0,0,1,0,0,1,0,0,0,0,1,0,0,1,0,0,0,0,1,0,1,0,0,0,0,1,0,1,1,0,0,0,0,1,0,0,1,0,1,0,1,0,1,0,0,1,0,1,0,0,1,0,1,1,0,1,0,0,1,0,0,0,1,0,0,1,0,0,0,1,0,0,0,1,1,0,0,0,0,1,0,0,1,0,1,1,0,0,1,0,0,1
P-----WIEQEGPEYWDRETQ-ISKTNTQTYRESLR-NLRGY-------------,AQITQRKWEAARVAEQLRA------------YLEGECVEWLRRY---LENGKETL,55.0,55.0,B*40:06,1,0,0,1,0,0,0,0,0,1,1,0,0,0,1,0,1,0,0,0,0,0,1,0,0,0,0,1,0,0,1,0,0,0,0,1,0,0,1,0,0,0,0,1,0,1,0,0,0,0,1,0,1,1,0,0,0,0,1,0,0,1,0,1,0,1,0,1,0,0,1,0,1,0,0,1,0,1,1,0,1,0,0,1,0,0,0,1,0,0,1,0,0,0,1,0,0,0,1,1,0,0,0,0,1,0,0,1,0,1,1,0,0,1,0,0,1
P-----WIEQEGPEYWDRETQ-ISKTNTQTYRESLR-NLRGY-------------,AQITQRKWEAARVAEQDRA------------YLEGTCVEWLRRY---LENGKDTL,55.0,55.0,B*41:01,1,0,0,1,0,0,0,0,0,1,1,0,0,0,1,0,1,0,0,0,0,0,1,0,0,0,0,1,0,0,1,0,0,0,0,1,0,0,1,0,0,0,0,1,0,1,0,0,0,0,1,0,1,1,0,0,0,0,1,0,0,1,0,1,0,1,0,1,0,0,1,0,1,0,0,1,0,1,1,0,1,0,0,1,0,0,0,1,0,1,0,0,0,0,1,0,0,0,1,0,0,0,1,0,1,0,0,1,0,1,1,0,1,0,0,0,1
P-----WIEQEGPEYWDRETQ-ISKTNTQTYRENLR-TALRY-------------,AQITQRKWEAARVAEQDRA------------YLEGLCVESLRRY---LENGKETL,55.0,55.0,B*44:02,1,0,0,1,0,0,0,0,0,1,1,0,0,0,1,0,1,0,0,0,0,0,1,0,0,0,0,1,0,0,1,0,0,0,0,1,0,0,1,0,0,0,0,1,0,1,0,0,0,1,0,0,1,1,0,0,0,0,0,1,1,0,1,0,0,0,1,1,0,0,1,0,1,0,0,1,0,1,1,0,1,0,0,1,0,0,0,1,0,1,0,0,0,0,1,0,0,0,1,0,1,0,0,0,1,0,1,0,0,1,1,0,0,1,0,0,1
P-----WIEQEGPEYWDRETQ-ISKTNTQTYRENLR-TALRY-------------,AQITQRKWEAARVAEQLRA------------YLEGLCVESLRRY---LENGKETL,55.0,55.0,B*44:03,1,0,0,1,0,0,0,0,0,1,1,0,0,0,1,0,1,0,0,0,0,0,1,0,0,0,0,1,0,0,1,0,0,0,0,1,0,0,1,0,0,0,0,1,0,1,0,0,0,1,0,0,1,1,0,0,0,0,0,1,1,0,1,0,0,0,1,1,0,0,1,0,1,0,0,1,0,1,1,0,1,0,0,1,0,0,0,1,0,0,1,0,0,0,1,0,0,0,1,0,1,0,0,0,1,0,1,0,0,1,1,0,0,1,0,0,1
P-----WIEQEGPEYWDRETQ-ISKTNTQTYRENLR-TALRY-------------,AQITQRKWEAARVAEQDRA------------YLEGLCVESLRRY---LENGKETL,55.0,55.0,B*44:08,1,0,0,1,0,0,0,0,0,1,1,0,0,0,1,0,1,0,0,0,0,0,1,0,0,0,0,1,0,0,1,0,0,0,0,1,0,0,1,0,0,0,0,1,0,1,0,0,0,1,0,0,1,1,0,0,0,0,0,1,1,0,1,0,0,0,1,1,0,0,1,0,1,0,0,1,0,1,1,0,1,0,0,1,0,0,0,1,0,1,0,0,0,0,1,0,0,0,1,0,1,0,0,0,1,0,1,0,0,1,1,0,0,1,0,0,1
P-----WIEQEGPEYWDRETQ-KYKRQAQTDRVSLR-NLRGY-------------,AQITQRKWEAAREAEQWRA------------YLEGLCVEWLRRY---LENGKETL,55.0,55.0,B*46:01,1,0,0,1,0,0,0,0,0,1,1,0,0,0,1,0,0,1,0,0,0,0,0,0,1,0,1,0,0,0,0,1,0,1,0,0,0,0,1,1,0,0,0,0,0,0,1,0,0,0,1,0,1,1,0,0,0,0,1,0,0,1,0,1,0,1,0,1,0,0,1,0,1,0,0,1,0,1,1,0,1,0,0,1,0,1,0,0,0,0,0,0,0,1,1,0,0,0,1,0,1,0,0,0,1,0,0,1,0,1,1,0,0,1,0,0,1
P-----WIEQEGPEYWDRETQ-KYKRQAQTGRVSLR-NLRGY-------------,AQITQRKWEAAREAEQWRA------------YLEGLCVEWLRRY---LENGKETL,55.0,55.0,B*46:02,1,0,0,1,0,0,0,0,0,1,1,0,0,0,1,0,0,1,0,0,0,0,0,0,1,0,1,0,0,0,0,1,0,1,0,0,0,0,1,0,1,0,0,0,0,0,1,0,0,0,1,0,1,1,0,0,0,0,1,0,0,1,0,1,0,1,0,1,0,0,1,0,1,0,0,1,0,1,1,0,1,0,0,1,0,1,0,0,0,0,0,0,0,1,1,0,0,0,1,0,1,0,0,0,1,0,0,1,0,1,1,0,0,1,0,0,1
P-----WIEQEGPEYWDRETQ-ISKTNTQTYREDLR-TLLRY-------------,AQITQRKWEAARVAEQLRA------------YLEGECVEWLRRY---LENGKETL,55.0,55.0,B*47:01,1,0,0,1,0,0,0,0,0,1,1,0,0,0,1,0,1,0,0,0,0,0,1,0,0,0,0,1,0,0,1,0,0,0,0,1,0,0,1,0,0,0,0,1,0,1,0,1,0,0,0,0,1,1,0,0,0,0,0,1,0,1,1,0,0,0,1,1,0,0,1,0,1,0,0,1,0,1,1,0,1,0,0,1,0,0,0,1,0,0,1,0,0,0,1,0,0,0,1,1,0,0,0,0,1,0,0,1,0,1,1,0,0,1,0,0,1
P-----WIEQEGPEYWDRETQ-ISKTNTQTYRESLR-NLRGY-------------,AQISQRKLEAARVAEQLRA------------YLEGECVEWLRRY---LENGKDKL,55.0,55.0,B*48:01,1,0,0,1,0,0,0,0,0,1,1,0,0,0,1,0,1,0,0,0,0,0,1,0,0,0,0,1,0,0,1,0,0,0,0,1,0,0,1,0,0,0,0,1,0,1,0,0,0,0,1,0,1,1,0,0,0,0,1,0,0,1,0,1,0,1,0,1,0,1,0,0,1,0,0,1,1,0,1,0,1,0,0,1,0,0,0,1,0,0,1,0,0,0,1,0,0,0,1,1,0,0,0,0,1,0,0,1,0,1,1,0,1,0,0,1,0
P-----WIEQEGPEYWDRETQ-ISKTNTQTYRESLR-NLRGY-------------,AQISQRKLEAARVAEQLRA------------YLEGECVEWLRRY---LENGKETL,55.0,55.0,B*48:04,1,0,0,1,0,0,0,0,0,1,1,0,0,0,1,0,1,0,0,0,0,0,1,0,0,0,0,1,0,0,1,0,0,0,0,1,0,0,1,0,0,0,0,1,0,1,0,0,0,0,1,0,1,1,0,0,0,0,1,0,0,1,0,1,0,1,0,1,0,1,0,0,1,0,0,1,1,0,1,0,1,0,0,1,0,0,0,1,0,0,1,0,0,0,1,0,0,0,1,1,0,0,0,0,1,0,0,1,0,1,1,0,0,1,0,0,1
P-----WIEQEGPEYWDRETQ-ISKTNTQTYRENLR-IALRY-------------,AQITQRKWEAAREAEQLRA------------YLEGLCVEWLRRY---LENGKETL,55.0,55.0,B*49:01,1,0,0,1,0,0,0,0,0,1,1,0,0,0,1,0,1,0,0,0,0,0,1,0,0,0,0,1,0,0,1,0,0,0,0,1,0,0,1,0,0,0,0,1,0,1,0,0,0,1,0,0,1,1,0,0,1,0,0,0,1,0,1,0,0,0,1,1,0,0,1,0,1,0,0,1,0,1,1,0,1,0,0,1,0,1,0,0,0,0,1,0,0,0,1,0,0,0,1,0,1,0,0,0,1,0,0,1,0,1,1,0,0,1,0,0,1
P-----WIEQEGPEYWDRETQ-ISKTNTQTYRESLR-NLRGY-------------,AQITQRKWEAAREAEQLRA------------YLEGLCVEWLRRY---LENGKETL,55.0,55.0,B*50:01,1,0,0,1,0,0,0,0,0,1,1,0,0,0,1,0,1,0,0,0,0,0,1,0,0,0,0,1,0,0,1,0,0,0,0,1,0,0,1,0,0,0,0,1,0,1,0,0,0,0,1,0,1,1,0,0,0,0,1,0,0,1,0,1,0,1,0,1,0,0,1,0,1,0,0,1,0,1,1,0,1,0,0,1,0,1,0,0,0,0,1,0,0,0,1,0,0,0,1,0,1,0,0,0,1,0,0,1,0,1,1,0,0,1,0,0,1
P-----WIEQEGPEYWDRNTQ-IFKTNTQTYRENLR-IALRY-------------,AQITQRKWEAAREAEQLRA------------YLEGLCVEWLRRH---LENGKETL,55.0,55.0,B*51:01,1,0,0,1,0,0,0,0,0,1,0,1,0,0,1,0,1,0,0,0,1,0,0,0,0,0,0,1,0,0,1,0,0,0,0,1,0,0,1,0,0,0,0,1,0,1,0,0,0,1,0,0,1,1,0,0,1,0,0,0,1,0,1,0,0,0,1,1,0,0,1,0,1,0,0,1,0,1,1,0,1,0,0,1,0,1,0,0,0,0,1,0,0,0,1,0,0,0,1,0,1,0,0,0,1,0,0,1,1,0,1,0,0,1,0,0,1
P-----WIEQEGPEYWDRNTQ-IFKTNTQTYRENLR-IALRY-------------,AQITQRKWEAAREAEQLRA------------YLEGLCVEWLRRY---LENGKETL,55.0,55.0,B*51:02,1,0,0,1,0,0,0,0,0,1,0,1,0,0,1,0,1,0,0,0,1,0,0,0,0,0,0,1,0,0,1,0,0,0,0,1,0,0,1,0,0,0,0,1,0,1,0,0,0,1,0,0,1,1,0,0,1,0,0,0,1,0,1,0,0,0,1,1,0,0,1,0,1,0,0,1,0,1,1,0,1,0,0,1,0,1,0,0,0,0,1,0,0,0,1,0,0,0,1,0,1,0,0,0,1,0,0,1,0,1,1,0,0,1,0,0,1
P-----WIEQEGPEYWDRETQ-ISKTNTQTYRENLR-IALRY-------------,AQITQRKWEAAREAEQLRA------------YLEGLCVEWLRRH---LENGKETL,55.0,55.0,B*52:01,1,0,0,1,0,0,0,0,0,1,1,0,0,0,1,0,1,0,0,0,0,0,1,0,0,0,0,1,0,0,1,0,0,0,0,1,0,0,1,0,0,0,0,1,0,1,0,0,0,1,0,0,1,1,0,0,1,0,0,0,1,0,1,0,0,0,1,1,0,0,1,0,1,0,0,1,0,1,1,0,1,0,0,1,0,1,0,0,0,0,1,0,0,0,1,0,0,0,1,0,1,0,0,0,1,0,0,1,1,0,1,0,0,1,0,0,1
P-----WIEQEGPEYWDRNTQ-IFKTNTQTYRENLR-IALRY-------------,AQITQRKWEAARVAEQLRA------------YLEGLCVEWLRRY---LENGKETL,55.0,55.0,B*53:01,1,0,0,1,0,0,0,0,0,1,0,1,0,0,1,0,1,0,0,0,1,0,0,0,0,0,0,1,0,0,1,0,0,0,0,1,0,0,1,0,0,0,0,1,0,1,0,0,0,1,0,0,1,1,0,0,1,0,0,0,1,0,1,0,0,0,1,1,0,0,1,0,1,0,0,1,0,1,1,0,1,0,0,1,0,0,0,1,0,0,1,0,0,0,1,0,0,0,1,0,1,0,0,0,1,0,0,1,0,1,1,0,0,1,0,0,1
P-----WVEQEGPEYWDRNTQ-IYKAQAQTDRESLR-NLRGY-------------,AQITQRKWEAARVAEQLRA------------YLEGTCVEWLRRY---LENGKETL,55.0,55.0,B*54:01,0,1,0,1,0,0,0,0,0,1,0,1,0,0,1,0,1,0,0,0,0,0,0,0,1,1,0,0,0,0,0,1,0,1,0,0,0,0,1,1,0,0,0,0,0,1,0,0,0,0,1,0,1,1,0,0,0,0,1,0,0,1,0,1,0,1,0,1,0,0,1,0,1,0,0,1,0,1,1,0,1,0,0,1,0,0,0,1,0,0,1,0,0,0,1,0,0,0,1,0,0,0,1,0,1,0,0,1,0,1,1,0,0,1,0,0,1
P-----WVEQEGPEYWDRNTQ-IYKAQAQTDRESLR-NLRGY-------------,AQITQRKWEAARVAEQLRA------------YLEGTCVEWLRRY---LENGKETL,55.0,55.0,B*54:17,0,1,0,1,0,0,0,0,0,1,0,1,0,0,1,0,1,0,0,0,0,0,0,0,1,1,0,0,0,0,0,1,0,1,0,0,0,0,1,1,0,0,0,0,0,1,0,0,0,0,1,0,1,1,0,0,0,0,1,0,0,1,0,1,0,1,0,1,0,0,1,0,1,0,0,1,0,1,1,0,1,0,0,1,0,0,0,1,0,0,1,0,0,0,1,0,0,0,1,0,0,0,1,0,1,0,0,1,0,1,1,0,0,1,0,0,1
P-----WIEQEGPEYWDRNTQ-IYKAQAQTDRESLR-NLRGY-------------,AQITQRKWEAAREAEQLRA------------YLEGTCVEWLRRY---LENGKETL,55.0,55.0,B*55:01,1,0,0,1,0,0,0,0,0,1,0,1,0,0,1,0,1,0,0,0,0,0,0,0,1,1,0,0,0,0,0,1,0,1,0,0,0,0,1,1,0,0,0,0,0,1,0,0,0,0,1,0,1,1,0,0,0,0,1,0,0,1,0,1,0,1,0,1,0,0,1,0,1,0,0,1,0,1,1,0,1,0,0,1,0,1,0,0,0,0,1,0,0,0,1,0,0,0,1,0,0,0,1,0,1,0,0,1,0,1,1,0,0,1,0,0,1
P-----WIEQEGPEYWDRNTQ-IYKAQAQTDRESLR-NLRGY-------------,AQITQRKWEAARVAEQLRA------------YLEGTCVEWLRRY---LENGKETL,55.0,55.0,B*55:02,1,0,0,1,0,0,0,0,0,1,0,1,0,0,1,0,1,0,0,0,0,0,0,0,1,1,0,0,0,0,0,1,0,1,0,0,0,0,1,1,0,0,0,0,0,1,0,0,0,0,1,0,1,1,0,0,0,0,1,0,0,1,0,1,0,1,0,1,0,0,1,0,1,0,0,1,0,1,1,0,1,0,0,1,0,0,0,1,0,0,1,0,0,0,1,0,0,0,1,0,0,0,1,0,1,0,0,1,0,1,1,0,0,1,0,0,1
P-----WIEQEGPEYWDRNTQ-IYKAQAQTDRESLR-NLRGY-------------,AQITQRKWEAARVAEQLRA------------YLEGLCVEWLRRY---LENGKETL,55.0,55.0,B*56:01,1,0,0,1,0,0,0,0,0,1,0,1,0,0,1,0,1,0,0,0,0,0,0,0,1,1,0,0,0,0,0,1,0,1,0,0,0,0,1,1,0,0,0,0,0,1,0,0,0,0,1,0,1,1,0,0,0,0,1,0,0,1,0,1,0,1,0,1,0,0,1,0,1,0,0,1,0,1,1,0,1,0,0,1,0,0,0,1,0,0,1,0,0,0,1,0,0,0,1,0,1,0,0,0,1,0,0,1,0,1,1,0,0,1,0,0,1
P-----WIEQEGPEYWDRNTQ-IYKAQAQTDRESLR-NLRGY-------------,AQITQRKWEAARVAEQLRA------------YLEGLCVEWLRRY---LENGKETL,55.0,55.0,B*56:02,1,0,0,1,0,0,0,0,0,1,0,1,0,0,1,0,1,0,0,0,0,0,0,0,1,1,0,0,0,0,0,1,0,1,0,0,0,0,1,1,0,0,0,0,0,1,0,0,0,0,1,0,1,1,0,0,0,0,1,0,0,1,0,1,0,1,0,1,0,0,1,0,1,0,0,1,0,1,1,0,1,0,0,1,0,0,0,1,0,0,1,0,0,0,1,0,0,0,1,0,1,0,0,0,1,0,0,1,0,1,1,0,0,1,0,0,1
P-----WIEQEGPEYWDRNTQ-IYKAQAQTDRESLR-NLRGY-------------,AQITQRKWEAARVAEQLRA------------YLEGLCVEWLRRY---LENGKETL,55.0,55.0,B*56:04,1,0,0,1,0,0,0,0,0,1,0,1,0,0,1,0,1,0,0,0,0,0,0,0,1,1,0,0,0,0,0,1,0,1,0,0,0,0,1,1,0,0,0,0,0,1,0,0,0,0,1,0,1,1,0,0,0,0,1,0,0,1,0,1,0,1,0,1,0,0,1,0,1,0,0,1,0,1,1,0,1,0,0,1,0,0,0,1,0,0,1,0,0,0,1,0,0,0,1,0,1,0,0,0,1,0,0,1,0,1,1,0,0,1,0,0,1
P-----WIEQEGPEYWDRNTQ-IYKAQAQTDRESLR-NLRGY-------------,AQITQRKWEAARVAEQLRA------------YLEGTCVEWLRRY---LENGKETL,55.0,55.0,B*56:10,1,0,0,1,0,0,0,0,0,1,0,1,0,0,1,0,1,0,0,0,0,0,0,0,1,1,0,0,0,0,0,1,0,1,0,0,0,0,1,1,0,0,0,0,0,1,0,0,0,0,1,0,1,1,0,0,0,0,1,0,0,1,0,1,0,1,0,1,0,0,1,0,1,0,0,1,0,1,1,0,1,0,0,1,0,0,0,1,0,0,1,0,0,0,1,0,0,0,1,0,0,0,1,0,1,0,0,1,0,1,1,0,0,1,0,0,1
P-----WIEQEGPEYWDGETR-NMKASAQTYRENLR-IALRY-------------,AQITQRKWEAARVAEQLRA------------YLEGLCVEWLRRY---LENGKETL,55.0,55.0,B*57:01,1,0,0,1,0,0,1,0,0,0,1,0,0,0,0,1,0,0,1,0,0,1,0,0,0,1,0,0,0,0,0,0,1,1,0,0,0,0,1,0,0,0,0,1,0,1,0,0,0,1,0,0,1,1,0,0,1,0,0,0,1,0,1,0,0,0,1,1,0,0,1,0,1,0,0,1,0,1,1,0,1,0,0,1,0,0,0,1,0,0,1,0,0,0,1,0,0,0,1,0,1,0,0,0,1,0,0,1,0,1,1,0,0,1,0,0,1
P-----WIEQEGPEYWDGETR-NMKASAQTYRENLR-IALRY-------------,AQITQRKWEAARVAEQLRA------------YLEGLCVEWLRRY---LENGKETL,55.0,55.0,B*58:01,1,0,0,1,0,0,1,0,0,0,1,0,0,0,0,1,0,0,1,0,0,1,0,0,0,1,0,0,0,0,0,0,1,1,0,0,0,0,1,0,0,0,0,1,0,1,0,0,0,1,0,0,1,1,0,0,1,0,0,0,1,0,1,0,0,0,1,1,0,0,1,0,1,0,0,1,0,1,1,0,1,0,0,1,0,0,0,1,0,0,1,0,0,0,1,0,0,0,1,0,1,0,0,0,1,0,0,1,0,1,1,0,0,1,0,0,1
P-----WIEQEGPEYWDGETR-NMKASAQTYRENLR-IALRY-------------,AQITQRKWEAARVAEQLRA------------YLEGLCVEWLRRY---LENGKETL,55.0,55.0,B*58:02,1,0,0,1,0,0,1,0,0,0,1,0,0,0,0,1,0,0,1,0,0,1,0,0,0,1,0,0,0,0,0,0,1,1,0,0,0,0,1,0,0,0,0,1,0,1,0,0,0,1,0,0,1,1,0,0,1,0,0,0,1,0,1,0,0,0,1,1,0,0,1,0,1,0,0,1,0,1,1,0,1,0,0,1,0,0,0,1,0,0,1,0,0,0,1,0,0,0,1,0,1,0,0,0,1,0,0,1,0,1,1,0,0,1,0,0,1
P-----WIEQEGPEYWDEETR-NMKASAQTYRENLR-IALRY-------------,AQITQRKWEAARVAEQLRA------------YLEGLCVEWLRRY---LENGKETL,55.0,55.0,B*58:04,1,0,0,1,0,1,0,0,0,0,1,0,0,0,0,1,0,0,1,0,0,1,0,0,0,1,0,0,0,0,0,0,1,1,0,0,0,0,1,0,0,0,0,1,0,1,0,0,0,1,0,0,1,1,0,0,1,0,0,0,1,0,1,0,0,0,1,1,0,0,1,0,1,0,0,1,0,1,1,0,1,0,0,1,0,0,0,1,0,0,1,0,0,0,1,0,0,0,1,0,1,0,0,0,1,0,0,1,0,1,1,0,0,1,0,0,1
P-----WIEQEGPEYWDGETR-NMKASAQTYRENLR-IALRY-------------,AQITQRKLEAARAAEQLRA------------YLEGTCVEWLRRY---LENGKETL,55.0,55.0,B*58:05,1,0,0,1,0,0,1,0,0,0,1,0,0,0,0,1,0,0,1,0,0,1,0,0,0,1,0,0,0,0,0,0,1,1,0,0,0,0,1,0,0,0,0,1,0,1,0,0,0,1,0,0,1,1,0,0,1,0,0,0,1,0,1,0,0,0,1,1,0,0,1,0,1,0,0,1,1,0,1,0,1,0,0,1,1,0,0,0,0,0,1,0,0,0,1,0,0,0,1,0,0,0,1,0,1,0,0,1,0,1,1,0,0,1,0,0,1
P-----WIEQEGPEYWDRNTQ-IFKTNTQTYRENLR-IALRY-------------,AQITQRKWEAARVAEQLRA------------YLEGTCVEWLRRY---LENGKETL,55.0,55.0,B*59:01,1,0,0,1,0,0,0,0,0,1,0,1,0,0,1,0,1,0,0,0,1,0,0,0,0,0,0,1,0,0,1,0,0,0,0,1,0,0,1,0,0,0,0,1,0,1,0,0,0,1,0,0,1,1,0,0,1,0,0,0,1,0,1,0,0,0,1,1,0,0,1,0,1,0,0,1,0,1,1,0,1,0,0,1,0,0,0,1,0,0,1,0,0,0,1,0,0,0,1,0,0,0,1,0,1,0,0,1,0,1,1,0,0,1,0,0,1
P-----WIEQEGPEYWDRNTQ-IYKAQAQTDRESLR-NLRGY-------------,AQITQRKWEAARVAEQLRT------------YLEGTCVEWLRRY---LENGKETL,55.0,55.0,B*67:01,1,0,0,1,0,0,0,0,0,1,0,1,0,0,1,0,1,0,0,0,0,0,0,0,1,1,0,0,0,0,0,1,0,1,0,0,0,0,1,1,0,0,0,0,0,1,0,0,0,0,1,0,1,1,0,0,0,0,1,0,0,1,0,1,0,1,0,1,0,0,1,0,1,0,0,1,0,1,1,0,1,0,0,1,0,0,0,1,0,0,1,0,0,0,0,1,0,0,1,0,0,0,1,0,1,0,0,1,0,1,1,0,0,1,0,0,1
P-----WIEQEGPEYWDRNTQ-ICKAKAQTDRVGLR-NLRGY-------------,AQITQRKWEAARVAEQLRA------------YLEGECVEWLRRH---LENGKETL,55.0,55.0,B*73:01,1,0,0,1,0,0,0,0,0,1,0,1,0,0,1,0,1,0,0,1,0,0,0,0,0,1,0,0,0,1,0,0,0,1,0,0,0,0,1,1,0,0,0,0,0,0,1,0,1,0,0,0,1,1,0,0,0,0,1,0,0,1,0,1,0,1,0,1,0,0,1,0,1,0,0,1,0,1,1,0,1,0,0,1,0,0,0,1,0,0,1,0,0,0,1,0,0,0,1,1,0,0,0,0,1,0,0,1,1,0,1,0,0,1,0,0,1
P-----WIEQEGPEYWDRNTQ-IYKAQAQTDRESLR-NLRGY-------------,AQISQRKLEAARVAEQLRA------------YLEGECVEWLRRY---LENGKDKL,55.0,55.0,B*81:01,1,0,0,1,0,0,0,0,0,1,0,1,0,0,1,0,1,0,0,0,0,0,0,0,1,1,0,0,0,0,0,1,0,1,0,0,0,0,1,1,0,0,0,0,0,1,0,0,0,0,1,0,1,1,0,0,0,0,1,0,0,1,0,1,0,1,0,1,0,1,0,0,1,0,0,1,1,0,1,0,1,0,0,1,0,0,0,1,0,0,1,0,0,0,1,0,0,0,1,1,0,0,0,0,1,0,0,1,0,1,1,0,1,0,0,1,0
P-----WVEQEGPEYWDRETQ-KYKRQAQTDRVSLR-NLRGY-------------,AQITQRKWEAAREAEQLRA------------YLEGLCVEWLRRY---LKNGKETL,55.0,55.0,C*03:03,0,1,0,1,0,0,0,0,0,1,1,0,0,0,1,0,0,1,0,0,0,0,0,0,1,0,1,0,0,0,0,1,0,1,0,0,0,0,1,1,0,0,0,0,0,0,1,0,0,0,1,0,1,1,0,0,0,0,1,0,0,1,0,1,0,1,0,1,0,0,1,0,1,0,0,1,0,1,1,0,1,0,0,1,0,1,0,0,0,0,1,0,0,0,1,0,0,0,1,0,1,0,0,0,1,0,0,1,0,1,0,1,0,1,0,0,1
P-----WVEQEGPEYWDRETQ-KYKRQAQADRVNLR-KLRGY-------------,AQITQRKWEAAREAEQRRA------------YLEGTCVEWLRRY---LENGKETL,55.0,55.0,C*04:01,0,1,0,1,0,0,0,0,0,1,1,0,0,0,1,0,0,1,0,0,0,0,0,0,1,0,1,0,0,0,0,1,0,1,0,0,1,0,0,1,0,0,0,0,0,0,1,0,0,1,0,0,1,1,0,0,0,1,0,0,0,1,0,1,0,1,0,1,0,0,1,0,1,0,0,1,0,1,1,0,1,0,0,1,0,1,0,0,0,0,0,0,1,0,1,0,0,0,1,0,0,0,1,0,1,0,0,1,0,1,1,0,0,1,0,0,1
P-----WVEQEGPEYWDRETQ-KYKRQAQADRVNLR-KLRGY-------------,AQITQRKWEAAREAEQRRA------------YLEGTCVEWLRRY---LENGKETL,55.0,55.0,C*04:03,0,1,0,1,0,0,0,0,0,1,1,0,0,0,1,0,0,1,0,0,0,0,0,0,1,0,1,0,0,0,0,1,0,1,0,0,1,0,0,1,0,0,0,0,0,0,1,0,0,1,0,0,1,1,0,0,0,1,0,0,0,1,0,1,0,1,0,1,0,0,1,0,1,0,0,1,0,1,1,0,1,0,0,1,0,1,0,0,0,0,0,0,1,0,1,0,0,0,1,0,0,0,1,0,1,0,0,1,0,1,1,0,0,1,0,0,1
P-----WVEQEGPEYWDRETQ-KYKRQAQTDRVNLR-KLRGY-------------,AQITQRKWEAAREAEQRRA------------YLEGTCVEWLRRY---LENGKKTL,55.0,55.0,C*05:01,0,1,0,1,0,0,0,0,0,1,1,0,0,0,1,0,0,1,0,0,0,0,0,0,1,0,1,0,0,0,0,1,0,1,0,0,0,0,1,1,0,0,0,0,0,0,1,0,0,1,0,0,1,1,0,0,0,1,0,0,0,1,0,1,0,1,0,1,0,0,1,0,1,0,0,1,0,1,1,0,1,0,0,1,0,1,0,0,0,0,0,0,1,0,1,0,0,0,1,0,0,0,1,0,1,0,0,1,0,1,1,0,0,0,1,0,1
P-----WVEQEGPEYWDRETQ-KYKRQAQADRVNLR-KLRGY-------------,AQITQRKWEAAREAEQWRA------------YLEGTCVEWLRRY---LENGKETL,55.0,55.0,C*06:02,0,1,0,1,0,0,0,0,0,1,1,0,0,0,1,0,0,1,0,0,0,0,0,0,1,0,1,0,0,0,0,1,0,1,0,0,1,0,0,1,0,0,0,0,0,0,1,0,0,1,0,0,1,1,0,0,0,1,0,0,0,1,0,1,0,1,0,1,0,0,1,0,1,0,0,1,0,1,1,0,1,0,0,1,0,1,0,0,0,0,0,0,0,1,1,0,0,0,1,0,0,0,1,0,1,0,0,1,0,1,1,0,0,1,0,0,1
P-----WVEQEGPEYWDRETQ-NYKRQAQADRVSLR-NLRGY-------------,AQITQRKLEAARAAEQLRA------------YLEGTCVEWLRRY---LENGKETL,55.0,55.0,C*07:01,0,1,0,1,0,0,0,0,0,1,1,0,0,0,1,0,0,0,1,0,0,0,0,0,1,0,1,0,0,0,0,1,0,1,0,0,1,0,0,1,0,0,0,0,0,0,1,0,0,0,1,0,1,1,0,0,0,0,1,0,0,1,0,1,0,1,0,1,0,0,1,0,1,0,0,1,1,0,1,0,1,0,0,1,1,0,0,0,0,0,1,0,0,0,1,0,0,0,1,0,0,0,1,0,1,0,0,1,0,1,1,0,0,1,0,0,1
P-----WVEQEGPEYWDRETQ-KYKRQAQADRVSLR-NLRGY-------------,AQITQRKWEAAREAEQWRA------------YLEGTCVEWLRRY---LENGKETL,55.0,55.0,C*12:02,0,1,0,1,0,0,0,0,0,1,1,0,0,0,1,0,0,1,0,0,0,0,0,0,1,0,1,0,0,0,0,1,0,1,0,0,1,0,0,1,0,0,0,0,0,0,1,0,0,0,1,0,1,1,0,0,0,0,1,0,0,1,0,1,0,1,0,1,0,0,1,0,1,0,0,1,0,1,1,0,1,0,0,1,0,1,0,0,0,0,0,0,0,1,1,0,0,0,1,0,0,0,1,0,1,0,0,1,0,1,1,0,0,1,0,0,1
P-----WVEQEGPEYWDRETQ-KYKRQAQADRVSLR-NLRGY-------------,AQITQRKWEAAREAEQWRA------------YLEGTCVEWLRRY---LENGKETL,55.0,55.0,C*12:03,0,1,0,1,0,0,0,0,0,1,1,0,0,0,1,0,0,1,0,0,0,0,0,0,1,0,1,0,0,0,0,1,0,1,0,0,1,0,0,1,0,0,0,0,0,0,1,0,0,0,1,0,1,1,0,0,0,0,1,0,0,1,0,1,0,1,0,1,0,0,1,0,1,0,0,1,0,1,1,0,1,0,0,1,0,1,0,0,0,0,0,0,0,1,1,0,0,0,1,0,0,0,1,0,1,0,0,1,0,1,1,0,0,1,0,0,1
P-----WVEQEGPEYWDRETQ-KYKRQAQTDRVSLR-NLRGY-------------,AQITQRKWEAARAAEQQRA------------YLEGTCVEWLRRY---LENGKETL,55.0,55.0,C*16:01,0,1,0,1,0,0,0,0,0,1,1,0,0,0,1,0,0,1,0,0,0,0,0,0,1,0,1,0,0,0,0,1,0,1,0,0,0,0,1,1,0,0,0,0,0,0,1,0,0,0,1,0,1,1,0,0,0,0,1,0,0,1,0,1,0,1,0,1,0,0,1,0,1,0,0,1,0,1,1,0,1,0,0,1,1,0,0,0,0,0,0,1,0,0,1,0,0,0,1,0,0,0,1,0,1,0,0,1,0,1,1,0,0,1,0,0,1
