,Drug,Allele,Cohort ethnicity,Pat1,ExpCtrl2,ADR
530,carbamazepine,B*07:02,Caucasian,0,15.0,TEN
531,carbamazepine,A*31:01,Diverse,0,3.0,TEN
532,carbamazepine,B*15:02,Diverse,3,1.0,TEN
533,lamotrigine,B*15:02,Mongol,1,1.0,TEN
534,allopurinol,B*58:01,Mongol,13,7.0,TEN
535,nevirapine,C*04:01,Black,23,39.0,TEN
536,carbamazepine,B*15:02,Mongol,12,,TEN
537,carbamazepine,B*52:01,Mongol,1,,TEN
538,carbamazepine,B*57:01,Mongol,1,,TEN
539,carbamazepine,B*15:02,Mongol,24,16.0,TEN
540,phenytoin,B*15:02,Mongol,7,15.0,TEN
541,lamotrigine,B*15:02,Mongol,2,4.0,TEN
542,valproic acid,B*15:02,Mongol,1,4.0,TEN
543,phenobarbital,B*15:02,Mongol,0,2.0,TEN
544,allopurinol,B*58:01,Mongol,19,4.0,TEN
545,carbamazepine,B*15:02,Mongol,44,3.0,TEN
546,paracetamol,A*33:03,Caucasian,0,,TEN
547,paracetamol,B*41:01,Caucasian,1,,TEN
548,paracetamol,B*58:01,Caucasian,1,,TEN
549,paracetamol,C*03:02,Caucasian,0,,TEN
550,paracetamol,C*08:01,Caucasian,0,,TEN
551,paracetamol,DRB1*15:02,Caucasian,1,,TEN
552,paracetamol,DRB1*04:05,Caucasian,1,,TEN
553,paracetamol,DRB1*11:01,Caucasian,1,,TEN
554,paracetamol,DRB1*13:02,Caucasian,0,,TEN
555,paracetamol,DQB1*02:02,Caucasian,6,,TEN
556,allopurinol,A*33:03,Caucasian,2,,TEN
557,allopurinol,B*41:01,Caucasian,1,,TEN
558,allopurinol,B*58:01,Caucasian,3,,TEN
559,allopurinol,C*03:02,Caucasian,2,,TEN
560,allopurinol,C*08:01,Caucasian,2,,TEN
561,allopurinol,DRB1*15:02,Caucasian,2,,TEN
562,allopurinol,DRB1*04:05,Caucasian,1,,TEN
563,allopurinol,DRB1*11:01,Caucasian,0,,TEN
564,allopurinol,DRB1*13:02,Caucasian,2,,TEN
565,allopurinol,DQB1*02:02,Caucasian,3,,TEN
566,carbamazepine,A*31:01,Caucasian,3,10.0,TEN
567,carbamazepine,B*15:02,Caucasian,0,0.0,TEN
568,carbamazepine,A*31:01,Mongol,1,3.0,TEN
569,carbamazepine,B*15:02,Mongol,41,4.0,TEN
570,allopurinol,B*58:01,Caucasian,4,1.0,TEN
571,carbamazepine,B*15:01,Mongol,1,12.0,TEN
572,carbamazepine,B*15:02,Mongol,99,11.0,TEN
573,carbamazepine,B*27:04,Mongol,2,4.0,TEN
574,carbamazepine,B*40:01,Mongol,13,57.0,TEN
575,carbamazepine,B*48:01,Mongol,0,1.0,TEN
576,carbamazepine,B*51:01,Mongol,3,10.0,TEN
577,carbamazepine,B*54:01,Mongol,2,11.0,TEN
578,carbamazepine,B*55:02,Mongol,1,9.0,TEN
579,carbamazepine,A*02:01,Mongol,36,55.0,TEN
580,carbamazepine,A*02:03,Mongol,10,22.0,TEN
581,carbamazepine,A*02:06,Mongol,9,11.0,TEN
582,carbamazepine,A*11:01,Mongol,13,83.0,TEN
583,carbamazepine,A*24:02,Mongol,18,43.0,TEN
584,carbamazepine,A*26:01,Mongol,3,7.0,TEN
585,carbamazepine,A*30:01,Mongol,1,6.0,TEN
586,carbamazepine,A*31:01,Mongol,2,5.0,TEN
587,carbamazepine,A*32:01,Mongol,2,2.0,TEN
588,carbamazepine,A*33:03,Mongol,15,30.0,TEN
589,carbamazepine,A*11:01,Mongol,42,67.0,TEN
590,carbamazepine,A*24:02,Mongol,5,41.0,TEN
591,carbamazepine,A*31:01,Mongol,1,4.0,TEN
592,carbamazepine,B*15:02,Mongol,59,6.0,TEN
593,carbamazepine,B*40:01,Mongol,6,59.0,TEN
594,carbamazepine,C*01:02,Mongol,8,54.0,TEN
595,carbamazepine,C*08:01,Mongol,56,20.0,TEN
596,carbamazepine,DRB1*04:05,Mongol,1,25.0,TEN
597,carbamazepine,DRB1*12:02,Mongol,41,23.0,TEN
598,allopurinol,B*58:01,Mongol,51,20.0,TEN
599,allopurinol,C*03:02,Mongol,48,19.0,TEN
600,allopurinol,A*33:03,Mongol,34,24.0,TEN
601,allopurinol,DRB1*03:01,Mongol,33,17.0,TEN
602,phenytoin,A*02:01,Mongol,3,17.0,TEN
603,phenytoin,A*02:03,Mongol,5,13.0,TEN
604,phenytoin,A*02:06,Mongol,2,8.0,TEN
605,phenytoin,A*02:07,Mongol,8,25.0,TEN
606,phenytoin,A*11:01,Mongol,14,49.0,TEN
607,phenytoin,A*24:02,Mongol,5,37.0,TEN
608,phenytoin,A*26:01,Mongol,1,10.0,TEN
609,phenytoin,A*33:03,Mongol,2,17.0,TEN
610,phenytoin,B*13:01,Mongol,9,14.0,TEN
611,phenytoin,B*15:02,Mongol,8,9.0,TEN
612,phenytoin,B*15:25,Mongol,1,2.0,TEN
613,phenytoin,B*35:01,Mongol,2,7.0,TEN
614,phenytoin,B*38:02,Mongol,5,12.0,TEN
615,phenytoin,B*40:01,Mongol,8,52.0,TEN
616,phenytoin,B*40:06,Mongol,2,1.0,TEN
617,phenytoin,B*46:01,Mongol,3,24.0,TEN
618,phenytoin,B*46:02,Mongol,1,0.0,TEN
619,phenytoin,B*51:01,Mongol,3,5.0,TEN
620,phenytoin,B*51:02,Mongol,1,4.0,TEN
621,phenytoin,B*52:01,Mongol,1,2.0,TEN
622,phenytoin,B*54:01,Mongol,2,9.0,TEN
623,phenytoin,B*56:01,Mongol,1,2.0,TEN
624,phenytoin,B*58:01,Mongol,1,16.0,TEN
625,phenytoin,B*67:01,Mongol,1,0.0,TEN
626,phenytoin,C*01:02,Mongol,5,41.0,TEN
627,phenytoin,C*03:02,Mongol,2,16.0,TEN
628,phenytoin,C*03:03,Mongol,2,16.0,TEN
629,phenytoin,C*03:04,Mongol,7,22.0,TEN
630,phenytoin,C*04:01,Mongol,1,17.0,TEN
631,phenytoin,C*04:03,Mongol,1,2.0,TEN
632,phenytoin,C*07:02,Mongol,11,48.0,TEN
633,phenytoin,C*08:01,Mongol,9,17.0,TEN
634,phenytoin,C*12:02,Mongol,2,6.0,TEN
635,phenytoin,C*14:02,Mongol,4,5.0,TEN
636,phenytoin,DRB1*03:01,Mongol,1,12.0,TEN
637,phenytoin,DRB1*03:17,Mongol,1,0.0,TEN
638,phenytoin,DRB1*04:03,Mongol,2,11.0,TEN
639,phenytoin,DRB1*04:05,Mongol,5,15.0,TEN
640,phenytoin,DRB1*04:06,Mongol,1,4.0,TEN
641,phenytoin,DRB1*08:03,Mongol,2,13.0,TEN
642,phenytoin,DRB1*09:01,Mongol,7,33.0,TEN
643,phenytoin,DRB1*11:01,Mongol,6,22.0,TEN
644,phenytoin,DRB1*12:01,Mongol,1,6.0,TEN
645,phenytoin,DRB1*12:02,Mongol,8,25.0,TEN
646,phenytoin,DRB1*13:02,Mongol,1,4.0,TEN
647,phenytoin,DRB1*13:12,Mongol,1,2.0,TEN
648,phenytoin,DRB1*14:01,Mongol,2,9.0,TEN
649,phenytoin,DRB1*14:43,Mongol,1,1.0,TEN
650,phenytoin,DRB1*15:01,Mongol,4,24.0,TEN
651,phenytoin,DRB1*15:02,Mongol,2,3.0,TEN
652,phenytoin,DRB1*16:02,Mongol,7,9.0,TEN
653,lamotrigine,B*15:02,Mongol,2,6.0,TEN
654,allopurinol,B*58:01,Mongol,4,6.0,TEN
655,allopurinol,C*03:02,Mongol,4,7.0,TEN
656,allopurinol,A*33:03,Mongol,4,15.0,TEN
657,allopurinol,B*58:01,Mongol,4,,TEN
658,lamotrigine,A*68:01,Caucasian,4,0.0,TEN
659,lamotrigine,B*58:01,Caucasian,3,0.0,TEN
660,lamotrigine,B*57:01,Caucasian,2,3.0,TEN
661,lamotrigine,C*07:18,Caucasian,3,0.0,TEN
662,lamotrigine,DQB1*06:09,Caucasian,3,0.0,TEN
663,lamotrigine,DRB1*13:01,Caucasian,4,1.0,TEN
664,carbamazepine,B*15:02,Mongol,32,7.0,TEN
665,carbamazepine,B*15:02,Mongol,6,0.0,TEN
666,allopurinol,B*58:01,Diverse,15,,TEN
667,sulfamethoxazole,B*38:01,Diverse,4,,TEN
668,sulfamethoxazole,B*38:02,Diverse,1,,TEN
669,lamotrigine,B*38:01,Diverse,4,,TEN
670,oxicam NSAIDs,B*73:01,Diverse,2,,TEN
671,carbamazepine,A*31:01,Caucasian,5,10.0,TEN
672,carbamazepine,B*07:02,Mongol,1,4.0,TEN
673,carbamazepine,B*13:01,Mongol,0,1.0,TEN
674,carbamazepine,B*13:02,Mongol,0,1.0,TEN
675,carbamazepine,B*13:10,Mongol,1,0.0,TEN
676,carbamazepine,B*15:01,Mongol,0,4.0,TEN
677,carbamazepine,B*15:07,Mongol,1,0.0,TEN
678,carbamazepine,B*15:11,Mongol,1,1.0,TEN
679,carbamazepine,B*15:18,Mongol,0,2.0,TEN
680,carbamazepine,B*27:04,Mongol,0,1.0,TEN
681,carbamazepine,B*35:01,Mongol,0,7.0,TEN
682,carbamazepine,B*37:01,Mongol,0,1.0,TEN
683,carbamazepine,B*39:04,Mongol,0,1.0,TEN
684,carbamazepine,B*40:01,Mongol,2,4.0,TEN
685,carbamazepine,B*40:02,Mongol,3,4.0,TEN
686,carbamazepine,B*40:06,Mongol,0,2.0,TEN
687,carbamazepine,B*44:03,Mongol,2,1.0,TEN
688,carbamazepine,B*46:01,Mongol,1,3.0,TEN
689,carbamazepine,B*48:01,Mongol,0,2.0,TEN
690,carbamazepine,B*51:01,Mongol,6,5.0,TEN
691,carbamazepine,B*52:01,Mongol,3,8.0,TEN
692,carbamazepine,B*54:01,Mongol,0,5.0,TEN
693,carbamazepine,B*55:02,Mongol,2,2.0,TEN
694,carbamazepine,B*56:01,Mongol,1,1.0,TEN
695,carbamazepine,B*58:01,Mongol,0,2.0,TEN
696,carbamazepine,B*59:01,Mongol,0,1.0,TEN
697,carbamazepine,B*67:01,Mongol,1,2.0,TEN
698,carbamazepine,A*01:01,Mongol,0,6.0,TEN
699,carbamazepine,A*02:01,Mongol,5,93.0,TEN
700,carbamazepine,A*02:06,Mongol,1,68.0,TEN
701,carbamazepine,A*02:07,Mongol,3,23.0,TEN
702,carbamazepine,A*02:10,Mongol,2,2.0,TEN
703,carbamazepine,A*03:01,Mongol,0,2.0,TEN
704,carbamazepine,A*11:01,Mongol,7,68.0,TEN
705,carbamazepine,A*11:10,Mongol,0,1.0,TEN
706,carbamazepine,A*24:02,Mongol,37,211.0,TEN
707,carbamazepine,A*24:05,Mongol,0,1.0,TEN
708,carbamazepine,A*24:20,Mongol,0,4.0,TEN
709,carbamazepine,A*26:01,Mongol,2,65.0,TEN
710,carbamazepine,A*26:02,Mongol,2,15.0,TEN
711,carbamazepine,A*26:03,Mongol,11,22.0,TEN
712,carbamazepine,A*26:05,Mongol,1,1.0,TEN
713,carbamazepine,A*29:01,Mongol,0,1.0,TEN
714,carbamazepine,A*30:01,Mongol,0,2.0,TEN
715,carbamazepine,A*31:01,Mongol,37,47.0,TEN
716,carbamazepine,A*33:03,Mongol,5,59.0,TEN
717,carbamazepine,B*13:01,Mongol,1,,TEN
718,carbamazepine,B*15:02,Mongol,15,,TEN
719,carbamazepine,B*15:11,Mongol,2,,TEN
720,carbamazepine,B*38:02,Mongol,1,,TEN
721,carbamazepine,B*40:01,Mongol,8,,TEN
722,carbamazepine,B*46:01,Mongol,6,,TEN
723,carbamazepine,B*54:01,Mongol,2,,TEN
724,carbamazepine,A*01:01,Mongol,1,0.0,TEN
725,carbamazepine,A*02:01,Mongol,2,4.0,TEN
726,carbamazepine,A*02:03,Mongol,2,4.0,TEN
727,carbamazepine,A*02:06,Mongol,2,3.0,TEN
728,carbamazepine,A*02:07,Mongol,3,10.0,TEN
729,carbamazepine,A*11:01,Mongol,9,22.0,TEN
730,carbamazepine,A*24:02,Mongol,10,8.0,TEN
731,carbamazepine,A*24:10,Mongol,0,1.0,TEN
732,carbamazepine,A*26:01,Mongol,0,2.0,TEN
733,carbamazepine,A*31:01,Mongol,1,0.0,TEN
734,carbamazepine,A*33:03,Mongol,0,4.0,TEN
735,carbamazepine,A*03:02,Mongol,0,1.0,TEN
736,carbamazepine,A*32:01,Mongol,0,1.0,TEN
737,carbamazepine,B*13:01,Mongol,1,3.0,TEN
738,carbamazepine,B*15:02,Mongol,2,2.0,TEN
739,carbamazepine,B*15:03,Mongol,0,1.0,TEN
740,carbamazepine,B*15:25,Mongol,0,1.0,TEN
741,carbamazepine,B*40:01,Mongol,5,1.0,TEN
742,carbamazepine,B*46:01,Mongol,4,2.0,TEN
743,carbamazepine,B*56:01,Mongol,0,1.0,TEN
744,carbamazepine,B*56:10,Mongol,1,1.0,TEN
745,carbamazepine,A*01:01,Mongol,1,0.0,TEN
746,carbamazepine,A*02:01,Mongol,2,0.0,TEN
747,carbamazepine,A*02:03,Mongol,1,1.0,TEN
748,carbamazepine,A*02:06,Mongol,2,1.0,TEN
749,carbamazepine,A*02:07,Mongol,2,4.0,TEN
750,carbamazepine,A*11:01,Mongol,9,12.0,TEN
751,carbamazepine,A*11:53,Mongol,1,1.0,TEN
752,carbamazepine,A*24:02,Mongol,6,2.0,TEN
753,carbamazepine,A*24:10,Mongol,0,1.0,TEN
754,carbamazepine,A*26:01,Mongol,0,1.0,TEN
755,carbamazepine,A*33:03,Mongol,0,1.0,TEN
756,allopurinol,B*58:01,Mongol,27,7.0,TEN
757,allopurinol,B*13:01,Mongol,4,10.0,TEN
758,allopurinol,B*15:02,Mongol,2,10.0,TEN
759,allopurinol,B*18:02,Mongol,3,2.0,TEN
760,allopurinol,B*38:02,Mongol,1,5.0,TEN
761,allopurinol,B*40:01,Mongol,1,7.0,TEN
762,allopurinol,B*46:01,Mongol,3,16.0,TEN
763,allopurinol,B*51:01,Mongol,1,8.0,TEN
764,carbamazepine,B*15:02,Mongol,37,5.0,TEN
765,carbamazepine,B*15:21,Mongol,2,0.0,TEN
766,carbamazepine,B*15:35,Mongol,3,0.0,TEN
767,carbamazepine,B*13:01,Mongol,3,5.0,TEN
768,carbamazepine,B*18:01,Mongol,2,5.0,TEN
769,carbamazepine,B*18:02,Mongol,1,4.0,TEN
770,carbamazepine,B*27:06,Mongol,2,4.0,TEN
771,carbamazepine,B*35:05,Mongol,0,3.0,TEN
772,carbamazepine,B*38:02,Mongol,2,2.0,TEN
773,carbamazepine,B*39:09,Mongol,3,2.0,TEN
774,carbamazepine,B*40:01,Mongol,3,6.0,TEN
775,carbamazepine,B*46:01,Mongol,9,11.0,TEN
776,carbamazepine,B*51:01,Mongol,0,5.0,TEN
777,carbamazepine,B*51:02,Mongol,0,2.0,TEN
778,carbamazepine,B*55:02,Mongol,1,2.0,TEN
779,carbamazepine,B*56:01,Mongol,3,1.0,TEN
780,carbamazepine,B*58:01,Mongol,3,8.0,TEN
781,carbamazepine,B*15:02,Diverse,13,3.0,TEN
782,carbamazepine,B*15:02,Mongol,9,11.0,TEN
783,carbamazepine,B*15:02,Mongol,8,4.0,TEN
784,carbamazepine,B*15:02,Mongol,16,2.0,TEN
785,carbamazepine,B*15:02,Caucasian,6,0.0,TEN
786,carbamazepine,B*15:02,Diverse,5,1.0,TEN
787,carbamazepine,B*15:02,Mongol,8,2.0,TEN
788,carbamazepine,A*02:06,Mongol,2,7.0,TEN
789,carbamazepine,A*33:03,Mongol,7,5.0,TEN
790,carbamazepine,B*58:01,Mongol,4,6.0,TEN
791,carbamazepine,C*03:02,Mongol,4,6.0,TEN
792,carbamazepine,C*06:02,Mongol,4,13.0,TEN
793,carbamazepine,DQB1*03:01,Mongol,7,26.0,TEN
794,carbamazepine,DQB1*03:03,Mongol,8,22.0,TEN
795,carbamazepine,DRB1*07:01,Mongol,7,13.0,TEN
796,carbamazepine,B*15:11,Mongol,2,,TEN
797,carbamazepine,B*15:11,Mongol,4,,TEN
798,carbamazepine,B*39:02,Mongol,2,,TEN
799,carbamazepine,A*31:01,Mongol,11,,TEN
813,sulfamethoxazole,B*15:02,Mongol,14,10.0,TEN
814,sulfamethoxazole,C*06:02,Mongol,5,1.0,TEN
815,sulfamethoxazole,C*08:01,Mongol,12,9.0,TEN
816,carbamazepine,B*15:02,Caucasian,2,2.0,TEN
817,carbamazepine,B*13:01,Mongol,4,3.0,TEN
818,carbamazepine,B*15:12,Mongol,2,3.0,TEN
819,carbamazepine,B*15:13,Mongol,1,0.0,TEN
820,carbamazepine,B*15:18,Mongol,1,0.0,TEN
821,carbamazepine,B*15:25,Mongol,2,1.0,TEN
822,carbamazepine,B*35:03,Mongol,1,0.0,TEN
823,carbamazepine,B*35:05,Mongol,2,0.0,TEN
824,carbamazepine,B*38:01,Mongol,1,0.0,TEN
825,carbamazepine,B*38:02,Mongol,2,2.0,TEN
826,carbamazepine,B*39:01,Mongol,1,1.0,TEN
827,carbamazepine,B*40:01,Mongol,2,2.0,TEN
828,carbamazepine,B*40:02,Mongol,1,0.0,TEN
829,carbamazepine,B*46:01,Mongol,5,9.0,TEN
830,carbamazepine,B*51:01,Mongol,1,3.0,TEN
831,carbamazepine,B*51:02,Mongol,2,0.0,TEN
832,carbamazepine,B*54:01,Mongol,2,2.0,TEN
833,carbamazepine,B*55:02,Mongol,1,0.0,TEN
834,carbamazepine,B*56:04,Mongol,1,0.0,TEN
835,carbamazepine,B*57:01,Mongol,2,1.0,TEN
836,carbamazepine,B*07:05,Mongol,5,6.0,TEN
837,carbamazepine,B*58:01,Mongol,0,4.0,TEN
838,carbamazepine,B*27:04,Mongol,0,2.0,TEN
839,carbamazepine,B*08:01,Mongol,0,1.0,TEN
840,carbamazepine,B*27:06,Mongol,0,1.0,TEN
841,carbamazepine,B*39:05,Mongol,0,1.0,TEN
842,carbamazepine,B*44:03,Mongol,0,1.0,TEN
843,carbamazepine,B*15:01,Mongol,0,1.0,TEN
896,methazolamide,B*59:01,Mongol,7,0.0,TEN
897,methazolamide,C*01:02,Mongol,7,11.0,TEN
898,allopurinol,B*58:01,Mongol,13,4.0,TEN
899,allopurinol,B*13:01,Mongol,2,9.0,TEN
900,allopurinol,B*15:02,Mongol,2,20.0,TEN
901,allopurinol,B*40:01,Mongol,2,29.0,TEN
902,allopurinol,B*46:01,Mongol,2,25.0,TEN
903,allopurinol,B*51:01,Mongol,0,12.0,TEN
904,phenytoin,B*15:02,Mongol,8,7.0,TEN
905,phenytoin,B*15:13,Mongol,7,3.0,TEN
994,lamotrigine,B*13:01,Caucasian,2,3.0,MPexanthema
995,carbamazepine,A*31:01,Caucasian,6,3.0,MPexanthema
996,carbamazepine,B*57:01,Caucasian,1,4.0,MPexanthema
997,carbamazepine,DRB1*07:01,Caucasian,8,10.0,MPexanthema
998,phenytoin,A*03:01,Caucasian,2,14.0,MPexanthema
999,phenytoin,B*51:01,Caucasian,9,8.0,MPexanthema
1000,phenytoin,DRB1*14:01,Caucasian,2,22.0,MPexanthema
1001,allopurinol,B*58:05,Mongol,26,51.0,MPexanthema
1002,levetiracetam,A*11:01,Caucasian,1,13.0,MPexanthema
1003,levetiracetam,A*33:01,Caucasian,2,1.0,MPexanthema
1004,levetiracetam,A*33:03,Caucasian,2,3.0,MPexanthema
1005,levetiracetam,A*24:01,Caucasian,1,3.0,MPexanthema
1006,levetiracetam,A*24:02,Caucasian,1,5.0,MPexanthema
1007,levetiracetam,A*68:01,Caucasian,1,3.0,MPexanthema
1008,levetiracetam,A*26:01,Caucasian,1,2.0,MPexanthema
1009,levetiracetam,A*01:01,Caucasian,0,3.0,MPexanthema
1010,levetiracetam,A*02:01,Caucasian,0,4.0,MPexanthema
1011,levetiracetam,B*07:02,Caucasian,3,5.0,MPexanthema
1012,levetiracetam,B*15:01,Caucasian,0,4.0,MPexanthema
1013,levetiracetam,B*44:02,Caucasian,3,5.0,MPexanthema
1014,levetiracetam,B*35:01,Caucasian,1,3.0,MPexanthema
1015,levetiracetam,B*40:01,Caucasian,1,3.0,MPexanthema
1016,levetiracetam,B*40:02,Caucasian,0,5.0,MPexanthema
1017,levetiracetam,B*40:06,Caucasian,0,2.0,MPexanthema
1018,levetiracetam,B*50:01,Caucasian,0,4.0,MPexanthema
1019,levetiracetam,DRB1*15:01,Caucasian,1,11.0,MPexanthema
1020,levetiracetam,DRB1*15:02,Caucasian,0,3.0,MPexanthema
1021,levetiracetam,DRB1*07:01,Caucasian,3,10.0,MPexanthema
1022,levetiracetam,DRB1*13:01,Caucasian,2,5.0,MPexanthema
1023,levetiracetam,DRB1*10:01,Caucasian,1,4.0,MPexanthema
1024,levetiracetam,DRB1*14:01,Caucasian,0,2.0,MPexanthema
1025,levetiracetam,DRB1*04:01,Caucasian,1,2.0,MPexanthema
1026,phenytoin,B*13:01,Diverse,49,24.0,MPexanthema
1027,phenytoin,B*15:02,Diverse,40,19.0,MPexanthema
1028,phenytoin,B*40:01,Diverse,76,105.0,MPexanthema
1029,phenytoin,B*46:01,Diverse,53,70.0,MPexanthema
1030,phenytoin,B*51:01,Diverse,38,161.0,MPexanthema
1031,phenytoin,B*58:01,Diverse,39,39.0,MPexanthema
1032,phenytoin,B*13:01,Diverse,18,24.0,MPexanthema
1033,phenytoin,B*15:02,Diverse,12,19.0,MPexanthema
1034,phenytoin,B*40:01,Diverse,36,105.0,MPexanthema
1035,phenytoin,B*46:01,Diverse,30,70.0,MPexanthema
1036,phenytoin,B*51:01,Diverse,17,161.0,MPexanthema
1037,phenytoin,B*58:01,Diverse,15,39.0,MPexanthema
1038,allopurinol,B*58:01,Mongol,6,4.0,MPexanthema
1039,allopurinol,B*13:01,Mongol,2,9.0,MPexanthema
1040,allopurinol,B*15:02,Mongol,0,20.0,MPexanthema
1041,allopurinol,B*40:01,Mongol,3,29.0,MPexanthema
1042,allopurinol,B*46:01,Mongol,0,25.0,MPexanthema
1043,allopurinol,B*51:01,Mongol,0,12.0,MPexanthema
1050,lamotrigine,A*24:02,Mongol,15,12.0,MPexanthema
1051,lamotrigine,C*01:02,Mongol,12,9.0,MPexanthema
1052,lamotrigine,C*07:02,Mongol,7,4.0,MPexanthema
1053,lamotrigine,A*33:03,Mongol,1,8.0,MPexanthema
1054,lamotrigine,C*07:01,Mongol,0,3.0,MPexanthema
1055,lamotrigine,C*03:04,Mongol,3,11.0,MPexanthema
1056,lamotrigine,DRB1*11:01,Mongol,4,6.0,MPexanthema
1057,lamotrigine,B*15:02,Mongol,0,1.0,MPexanthema
1058,lamotrigine,A*31:01,Mongol,1,2.0,MPexanthema
1059,lamotrigine,B*15:11,Mongol,2,0.0,MPexanthema
1060,lamotrigine,A*30:01,Mongol,0,2.0,MPexanthema
1061,lamotrigine,B*13:02,Mongol,0,2.0,MPexanthema
1062,lamotrigine,B*58:01,Mongol,2,4.0,MPexanthema
1063,lamotrigine,DRB1*13:01,Mongol,0,1.0,MPexanthema
1064,lamotrigine,DQB1*06:09,Mongol,1,2.0,MPexanthema
1531,carbamazepine,B*07:02,Caucasian,0,15.0,SJS
1532,carbamazepine,A*31:01,Diverse,0,3.0,SJS
1533,carbamazepine,B*15:02,Diverse,3,1.0,SJS
1534,lamotrigine,B*15:02,Mongol,1,1.0,SJS
1535,allopurinol,B*58:01,Mongol,13,7.0,SJS
1536,nevirapine,C*04:01,Black,23,39.0,SJS
1537,carbamazepine,B*15:02,Mongol,12,,SJS
1538,carbamazepine,B*52:01,Mongol,1,,SJS
1539,carbamazepine,B*57:01,Mongol,1,,SJS
1540,carbamazepine,B*15:02,Mongol,24,16.0,SJS
1541,phenytoin,B*15:02,Mongol,7,15.0,SJS
1542,lamotrigine,B*15:02,Mongol,2,4.0,SJS
1543,valproic acid,B*15:02,Mongol,1,4.0,SJS
1544,phenobarbital,B*15:02,Mongol,0,2.0,SJS
1545,allopurinol,B*58:01,Mongol,19,4.0,SJS
1546,carbamazepine,B*15:02,Mongol,44,3.0,SJS
1547,paracetamol,A*33:03,Caucasian,0,,SJS
1548,paracetamol,B*41:01,Caucasian,1,,SJS
1549,paracetamol,B*58:01,Caucasian,1,,SJS
1550,paracetamol,C*03:02,Caucasian,0,,SJS
1551,paracetamol,C*08:01,Caucasian,0,,SJS
1552,paracetamol,DRB1*15:02,Caucasian,1,,SJS
1553,paracetamol,DRB1*04:05,Caucasian,1,,SJS
1554,paracetamol,DRB1*11:01,Caucasian,1,,SJS
1555,paracetamol,DRB1*13:02,Caucasian,0,,SJS
1556,paracetamol,DQB1*02:02,Caucasian,6,,SJS
1557,allopurinol,A*33:03,Caucasian,2,,SJS
1558,allopurinol,B*41:01,Caucasian,1,,SJS
1559,allopurinol,B*58:01,Caucasian,3,,SJS
1560,allopurinol,C*03:02,Caucasian,2,,SJS
1561,allopurinol,C*08:01,Caucasian,2,,SJS
1562,allopurinol,DRB1*15:02,Caucasian,2,,SJS
1563,allopurinol,DRB1*04:05,Caucasian,1,,SJS
1564,allopurinol,DRB1*11:01,Caucasian,0,,SJS
1565,allopurinol,DRB1*13:02,Caucasian,2,,SJS
1566,allopurinol,DQB1*02:02,Caucasian,3,,SJS
1567,carbamazepine,A*31:01,Caucasian,3,10.0,SJS
1568,carbamazepine,B*15:02,Caucasian,0,0.0,SJS
1569,carbamazepine,A*31:01,Mongol,1,3.0,SJS
1570,carbamazepine,B*15:02,Mongol,41,4.0,SJS
1571,allopurinol,B*58:01,Caucasian,4,1.0,SJS
1572,carbamazepine,B*15:01,Mongol,1,12.0,SJS
1573,carbamazepine,B*15:02,Mongol,99,11.0,SJS
1574,carbamazepine,B*27:04,Mongol,2,4.0,SJS
1575,carbamazepine,B*40:01,Mongol,13,57.0,SJS
1576,carbamazepine,B*48:01,Mongol,0,1.0,SJS
1577,carbamazepine,B*51:01,Mongol,3,10.0,SJS
1578,carbamazepine,B*54:01,Mongol,2,11.0,SJS
1579,carbamazepine,B*55:02,Mongol,1,9.0,SJS
1580,carbamazepine,A*02:01,Mongol,36,55.0,SJS
1581,carbamazepine,A*02:03,Mongol,10,22.0,SJS
1582,carbamazepine,A*02:06,Mongol,9,11.0,SJS
1583,carbamazepine,A*11:01,Mongol,13,83.0,SJS
1584,carbamazepine,A*24:02,Mongol,18,43.0,SJS
1585,carbamazepine,A*26:01,Mongol,3,7.0,SJS
1586,carbamazepine,A*30:01,Mongol,1,6.0,SJS
1587,carbamazepine,A*31:01,Mongol,2,5.0,SJS
1588,carbamazepine,A*32:01,Mongol,2,2.0,SJS
1589,carbamazepine,A*33:03,Mongol,15,30.0,SJS
1590,carbamazepine,A*11:01,Mongol,42,67.0,SJS
1591,carbamazepine,A*24:02,Mongol,5,41.0,SJS
1592,carbamazepine,A*31:01,Mongol,1,4.0,SJS
1593,carbamazepine,B*15:02,Mongol,59,6.0,SJS
1594,carbamazepine,B*40:01,Mongol,6,59.0,SJS
1595,carbamazepine,C*01:02,Mongol,8,54.0,SJS
1596,carbamazepine,C*08:01,Mongol,56,20.0,SJS
1597,carbamazepine,DRB1*04:05,Mongol,1,25.0,SJS
1598,carbamazepine,DRB1*12:02,Mongol,41,23.0,SJS
1599,allopurinol,B*58:01,Mongol,51,20.0,SJS
1600,allopurinol,C*03:02,Mongol,48,19.0,SJS
1601,allopurinol,A*33:03,Mongol,34,24.0,SJS
1602,allopurinol,DRB1*03:01,Mongol,33,17.0,SJS
1603,phenytoin,A*02:01,Mongol,3,17.0,SJS
1604,phenytoin,A*02:03,Mongol,5,13.0,SJS
1605,phenytoin,A*02:06,Mongol,2,8.0,SJS
1606,phenytoin,A*02:07,Mongol,8,25.0,SJS
1607,phenytoin,A*11:01,Mongol,14,49.0,SJS
1608,phenytoin,A*24:02,Mongol,5,37.0,SJS
1609,phenytoin,A*26:01,Mongol,1,10.0,SJS
1610,phenytoin,A*33:03,Mongol,2,17.0,SJS
1611,phenytoin,B*13:01,Mongol,9,14.0,SJS
1612,phenytoin,B*15:02,Mongol,8,9.0,SJS
1613,phenytoin,B*15:25,Mongol,1,2.0,SJS
1614,phenytoin,B*35:01,Mongol,2,7.0,SJS
1615,phenytoin,B*38:02,Mongol,5,12.0,SJS
1616,phenytoin,B*40:01,Mongol,8,52.0,SJS
1617,phenytoin,B*40:06,Mongol,2,1.0,SJS
1618,phenytoin,B*46:01,Mongol,3,24.0,SJS
1619,phenytoin,B*46:02,Mongol,1,0.0,SJS
1620,phenytoin,B*51:01,Mongol,3,5.0,SJS
1621,phenytoin,B*51:02,Mongol,1,4.0,SJS
1622,phenytoin,B*52:01,Mongol,1,2.0,SJS
1623,phenytoin,B*54:01,Mongol,2,9.0,SJS
1624,phenytoin,B*56:01,Mongol,1,2.0,SJS
1625,phenytoin,B*58:01,Mongol,1,16.0,SJS
1626,phenytoin,B*67:01,Mongol,1,0.0,SJS
1627,phenytoin,C*01:02,Mongol,5,41.0,SJS
1628,phenytoin,C*03:02,Mongol,2,16.0,SJS
1629,phenytoin,C*03:03,Mongol,2,16.0,SJS
1630,phenytoin,C*03:04,Mongol,7,22.0,SJS
1631,phenytoin,C*04:01,Mongol,1,17.0,SJS
1632,phenytoin,C*04:03,Mongol,1,2.0,SJS
1633,phenytoin,C*07:02,Mongol,11,48.0,SJS
1634,phenytoin,C*08:01,Mongol,9,17.0,SJS
1635,phenytoin,C*12:02,Mongol,2,6.0,SJS
1636,phenytoin,C*14:02,Mongol,4,5.0,SJS
1637,phenytoin,DRB1*03:01,Mongol,1,12.0,SJS
1638,phenytoin,DRB1*03:17,Mongol,1,0.0,SJS
1639,phenytoin,DRB1*04:03,Mongol,2,11.0,SJS
1640,phenytoin,DRB1*04:05,Mongol,5,15.0,SJS
1641,phenytoin,DRB1*04:06,Mongol,1,4.0,SJS
1642,phenytoin,DRB1*08:03,Mongol,2,13.0,SJS
1643,phenytoin,DRB1*09:01,Mongol,7,33.0,SJS
1644,phenytoin,DRB1*11:01,Mongol,6,22.0,SJS
1645,phenytoin,DRB1*12:01,Mongol,1,6.0,SJS
1646,phenytoin,DRB1*12:02,Mongol,8,25.0,SJS
1647,phenytoin,DRB1*13:02,Mongol,1,4.0,SJS
1648,phenytoin,DRB1*13:12,Mongol,1,2.0,SJS
1649,phenytoin,DRB1*14:01,Mongol,2,9.0,SJS
1650,phenytoin,DRB1*14:43,Mongol,1,1.0,SJS
1651,phenytoin,DRB1*15:01,Mongol,4,24.0,SJS
1652,phenytoin,DRB1*15:02,Mongol,2,3.0,SJS
1653,phenytoin,DRB1*16:02,Mongol,7,9.0,SJS
1654,lamotrigine,B*15:02,Mongol,2,6.0,SJS
1655,allopurinol,B*58:01,Mongol,4,6.0,SJS
1656,allopurinol,C*03:02,Mongol,4,7.0,SJS
1657,allopurinol,A*33:03,Mongol,4,15.0,SJS
1658,allopurinol,B*58:01,Mongol,4,,SJS
1659,lamotrigine,A*68:01,Caucasian,4,0.0,SJS
1660,lamotrigine,B*58:01,Caucasian,3,0.0,SJS
1661,lamotrigine,B*57:01,Caucasian,2,3.0,SJS
1662,lamotrigine,C*07:18,Caucasian,3,0.0,SJS
1663,lamotrigine,DQB1*06:09,Caucasian,3,0.0,SJS
1664,lamotrigine,DRB1*13:01,Caucasian,4,1.0,SJS
1665,carbamazepine,A*02:01,Mongol,3,14.0,SJS
1666,carbamazepine,A*24:02,Mongol,2,21.0,SJS
1667,carbamazepine,A*31:01,Mongol,3,7.0,SJS
1668,carbamazepine,A*33:03,Mongol,1,12.0,SJS
1669,carbamazepine,B*15:01,Mongol,1,7.0,SJS
1670,carbamazepine,B*15:02,Mongol,1,0.0,SJS
1671,carbamazepine,B*15:11,Mongol,3,2.0,SJS
1672,carbamazepine,B*51:01,Mongol,3,10.0,SJS
1673,carbamazepine,C*01:02,Mongol,3,13.0,SJS
1674,carbamazepine,C*03:03,Mongol,3,12.0,SJS
1675,carbamazepine,C*03:04,Mongol,0,6.0,SJS
1676,carbamazepine,C*06:02,Mongol,0,5.0,SJS
1677,carbamazepine,C*14:02,Mongol,3,8.0,SJS
1678,carbamazepine,B*15:02,Mongol,32,7.0,SJS
1679,phenytoin,B*15:02,Mongol,4,0.0,SJS
1680,carbamazepine,B*15:02,Mongol,6,0.0,SJS
1681,allopurinol,B*58:01,Diverse,15,,SJS
1682,sulfamethoxazole,B*38:01,Diverse,4,,SJS
1683,sulfamethoxazole,B*38:02,Diverse,1,,SJS
1684,lamotrigine,B*38:01,Diverse,4,,SJS
1685,oxicam NSAIDs,B*73:01,Diverse,2,,SJS
1686,carbamazepine,A*31:01,Caucasian,5,10.0,SJS
1687,carbamazepine,B*07:02,Mongol,1,4.0,SJS
1688,carbamazepine,B*13:01,Mongol,0,1.0,SJS
1689,carbamazepine,B*13:02,Mongol,0,1.0,SJS
1690,carbamazepine,B*13:10,Mongol,1,0.0,SJS
1691,carbamazepine,B*15:01,Mongol,0,4.0,SJS
1692,carbamazepine,B*15:07,Mongol,1,0.0,SJS
1693,carbamazepine,B*15:11,Mongol,1,1.0,SJS
1694,carbamazepine,B*15:18,Mongol,0,2.0,SJS
1695,carbamazepine,B*27:04,Mongol,0,1.0,SJS
1696,carbamazepine,B*35:01,Mongol,0,7.0,SJS
1697,carbamazepine,B*37:01,Mongol,0,1.0,SJS
1698,carbamazepine,B*39:04,Mongol,0,1.0,SJS
1699,carbamazepine,B*40:01,Mongol,2,4.0,SJS
1700,carbamazepine,B*40:02,Mongol,3,4.0,SJS
1701,carbamazepine,B*40:06,Mongol,0,2.0,SJS
1702,carbamazepine,B*44:03,Mongol,2,1.0,SJS
1703,carbamazepine,B*46:01,Mongol,1,3.0,SJS
1704,carbamazepine,B*48:01,Mongol,0,2.0,SJS
1705,carbamazepine,B*51:01,Mongol,6,5.0,SJS
1706,carbamazepine,B*52:01,Mongol,3,8.0,SJS
1707,carbamazepine,B*54:01,Mongol,0,5.0,SJS
1708,carbamazepine,B*55:02,Mongol,2,2.0,SJS
1709,carbamazepine,B*56:01,Mongol,1,1.0,SJS
1710,carbamazepine,B*58:01,Mongol,0,2.0,SJS
1711,carbamazepine,B*59:01,Mongol,0,1.0,SJS
1712,carbamazepine,B*67:01,Mongol,1,2.0,SJS
1713,carbamazepine,A*01:01,Mongol,0,6.0,SJS
1714,carbamazepine,A*02:01,Mongol,5,93.0,SJS
1715,carbamazepine,A*02:06,Mongol,1,68.0,SJS
1716,carbamazepine,A*02:07,Mongol,3,23.0,SJS
1717,carbamazepine,A*02:10,Mongol,2,2.0,SJS
1718,carbamazepine,A*03:01,Mongol,0,2.0,SJS
1719,carbamazepine,A*11:01,Mongol,7,68.0,SJS
1720,carbamazepine,A*11:10,Mongol,0,1.0,SJS
1721,carbamazepine,A*24:02,Mongol,37,211.0,SJS
1722,carbamazepine,A*24:05,Mongol,0,1.0,SJS
1723,carbamazepine,A*24:20,Mongol,0,4.0,SJS
1724,carbamazepine,A*26:01,Mongol,2,65.0,SJS
1725,carbamazepine,A*26:02,Mongol,2,15.0,SJS
1726,carbamazepine,A*26:03,Mongol,11,22.0,SJS
1727,carbamazepine,A*26:05,Mongol,1,1.0,SJS
1728,carbamazepine,A*29:01,Mongol,0,1.0,SJS
1729,carbamazepine,A*30:01,Mongol,0,2.0,SJS
1730,carbamazepine,A*31:01,Mongol,37,47.0,SJS
1731,carbamazepine,A*33:03,Mongol,5,59.0,SJS
1732,lamotrigine,B*07:05,Mongol,0,1.0,SJS
1733,lamotrigine,B*13:01,Mongol,1,9.0,SJS
1734,lamotrigine,B*13:02,Mongol,2,2.0,SJS
1735,lamotrigine,B*15:02,Mongol,1,4.0,SJS
1736,lamotrigine,B*15:03,Mongol,0,2.0,SJS
1737,lamotrigine,B*15:27,Mongol,0,2.0,SJS
1738,lamotrigine,B*39:01,Mongol,1,1.0,SJS
1739,lamotrigine,B*40:01,Mongol,6,10.0,SJS
1740,lamotrigine,B*44:03,Mongol,0,1.0,SJS
1741,lamotrigine,B*46:01,Mongol,5,12.0,SJS
1742,lamotrigine,B*48:01,Mongol,1,1.0,SJS
1743,lamotrigine,B*54:01,Mongol,1,1.0,SJS
1744,lamotrigine,B*54:17,Mongol,0,1.0,SJS
1745,lamotrigine,B*58:01,Mongol,2,3.0,SJS
1746,lamotrigine,B*15:19,Mongol,0,1.0,SJS
1747,lamotrigine,B*44:08,Mongol,0,1.0,SJS
1748,lamotrigine,B*55:01,Mongol,0,4.0,SJS
1749,lamotrigine,B*55:02,Mongol,1,0.0,SJS
1750,lamotrigine,B*81:01,Mongol,1,0.0,SJS
1751,carbamazepine,B*13:01,Mongol,1,,SJS
1752,carbamazepine,B*15:02,Mongol,15,,SJS
1753,carbamazepine,B*15:11,Mongol,2,,SJS
1754,carbamazepine,B*38:02,Mongol,1,,SJS
1755,carbamazepine,B*40:01,Mongol,8,,SJS
1756,carbamazepine,B*46:01,Mongol,6,,SJS
1757,carbamazepine,B*54:01,Mongol,2,,SJS
1758,carbamazepine,A*01:01,Mongol,1,0.0,SJS
1759,carbamazepine,A*02:01,Mongol,2,4.0,SJS
1760,carbamazepine,A*02:03,Mongol,2,4.0,SJS
1761,carbamazepine,A*02:06,Mongol,2,3.0,SJS
1762,carbamazepine,A*02:07,Mongol,3,10.0,SJS
1763,carbamazepine,A*11:01,Mongol,9,22.0,SJS
1764,carbamazepine,A*24:02,Mongol,10,8.0,SJS
1765,carbamazepine,A*24:10,Mongol,0,1.0,SJS
1766,carbamazepine,A*26:01,Mongol,0,2.0,SJS
1767,carbamazepine,A*31:01,Mongol,1,0.0,SJS
1768,carbamazepine,A*33:03,Mongol,0,4.0,SJS
1769,carbamazepine,A*03:02,Mongol,0,1.0,SJS
1770,carbamazepine,A*32:01,Mongol,0,1.0,SJS
1771,carbamazepine,B*13:01,Mongol,1,3.0,SJS
1772,carbamazepine,B*15:02,Mongol,2,2.0,SJS
1773,carbamazepine,B*15:03,Mongol,0,1.0,SJS
1774,carbamazepine,B*15:25,Mongol,0,1.0,SJS
1775,carbamazepine,B*40:01,Mongol,5,1.0,SJS
1776,carbamazepine,B*46:01,Mongol,4,2.0,SJS
1777,carbamazepine,B*56:01,Mongol,0,1.0,SJS
1778,carbamazepine,B*56:10,Mongol,1,1.0,SJS
1779,carbamazepine,A*01:01,Mongol,1,0.0,SJS
1780,carbamazepine,A*02:01,Mongol,2,0.0,SJS
1781,carbamazepine,A*02:03,Mongol,1,1.0,SJS
1782,carbamazepine,A*02:06,Mongol,2,1.0,SJS
1783,carbamazepine,A*02:07,Mongol,2,4.0,SJS
1784,carbamazepine,A*11:01,Mongol,9,12.0,SJS
1785,carbamazepine,A*11:53,Mongol,1,1.0,SJS
1786,carbamazepine,A*24:02,Mongol,6,2.0,SJS
1787,carbamazepine,A*24:10,Mongol,0,1.0,SJS
1788,carbamazepine,A*26:01,Mongol,0,1.0,SJS
1789,carbamazepine,A*33:03,Mongol,0,1.0,SJS
1790,allopurinol,B*58:01,Mongol,27,7.0,SJS
1791,allopurinol,B*13:01,Mongol,4,10.0,SJS
1792,allopurinol,B*15:02,Mongol,2,10.0,SJS
1793,allopurinol,B*18:02,Mongol,3,2.0,SJS
1794,allopurinol,B*38:02,Mongol,1,5.0,SJS
1795,allopurinol,B*40:01,Mongol,1,7.0,SJS
1796,allopurinol,B*46:01,Mongol,3,16.0,SJS
1797,allopurinol,B*51:01,Mongol,1,8.0,SJS
1798,carbamazepine,B*15:02,Mongol,37,5.0,SJS
1799,carbamazepine,B*15:21,Mongol,2,0.0,SJS
1800,carbamazepine,B*15:35,Mongol,3,0.0,SJS
1801,carbamazepine,B*13:01,Mongol,3,5.0,SJS
1802,carbamazepine,B*18:01,Mongol,2,5.0,SJS
1803,carbamazepine,B*18:02,Mongol,1,4.0,SJS
1804,carbamazepine,B*27:06,Mongol,2,4.0,SJS
1805,carbamazepine,B*35:05,Mongol,0,3.0,SJS
1806,carbamazepine,B*38:02,Mongol,2,2.0,SJS
1807,carbamazepine,B*39:09,Mongol,3,2.0,SJS
1808,carbamazepine,B*40:01,Mongol,3,6.0,SJS
1809,carbamazepine,B*46:01,Mongol,9,11.0,SJS
1810,carbamazepine,B*51:01,Mongol,0,5.0,SJS
1811,carbamazepine,B*51:02,Mongol,0,2.0,SJS
1812,carbamazepine,B*55:02,Mongol,1,2.0,SJS
1813,carbamazepine,B*56:01,Mongol,3,1.0,SJS
1814,carbamazepine,B*58:01,Mongol,3,8.0,SJS
1815,carbamazepine,B*15:02,Diverse,13,3.0,SJS
1816,carbamazepine,B*15:02,Mongol,9,11.0,SJS
1817,carbamazepine,B*15:02,Mongol,8,4.0,SJS
1818,carbamazepine,B*15:02,Mongol,16,2.0,SJS
1819,carbamazepine,B*15:02,Caucasian,6,0.0,SJS
1820,carbamazepine,B*15:02,Diverse,5,1.0,SJS
1821,carbamazepine,B*15:02,Mongol,8,2.0,SJS
1822,carbamazepine,A*02:06,Mongol,2,7.0,SJS
1823,carbamazepine,A*33:03,Mongol,7,5.0,SJS
1824,carbamazepine,B*58:01,Mongol,4,6.0,SJS
1825,carbamazepine,C*03:02,Mongol,4,6.0,SJS
1826,carbamazepine,C*06:02,Mongol,4,13.0,SJS
1827,carbamazepine,DQB1*03:01,Mongol,7,26.0,SJS
1828,carbamazepine,DQB1*03:03,Mongol,8,22.0,SJS
1829,carbamazepine,DRB1*07:01,Mongol,7,13.0,SJS
1830,carbamazepine,B*15:11,Mongol,2,,SJS
1831,carbamazepine,B*15:11,Mongol,4,,SJS
1832,carbamazepine,B*39:02,Mongol,2,,SJS
1833,carbamazepine,A*31:01,Mongol,11,,SJS
1835,phenobarbital,B*15:02,Mongol,5,2.0,SJS
1836,phenytoin,B*15:02,Mongol,1,3.0,SJS
1837,allopurinol,B*58:01,Mongol,4,0.0,SJS
1838,carbamazepine,B*15:02,Diverse,6,0.0,SJS
1879,sulfamethoxazole,B*15:02,Mongol,14,10.0,SJS
1880,sulfamethoxazole,C*06:02,Mongol,5,1.0,SJS
1881,sulfamethoxazole,C*08:01,Mongol,12,9.0,SJS
1882,carbamazepine,B*15:02,Caucasian,2,2.0,SJS
1883,carbamazepine,B*13:01,Mongol,4,3.0,SJS
1884,carbamazepine,B*15:12,Mongol,2,3.0,SJS
1885,carbamazepine,B*15:13,Mongol,1,0.0,SJS
1886,carbamazepine,B*15:18,Mongol,1,0.0,SJS
1887,carbamazepine,B*15:25,Mongol,2,1.0,SJS
1888,carbamazepine,B*35:03,Mongol,1,0.0,SJS
1889,carbamazepine,B*35:05,Mongol,2,0.0,SJS
1890,carbamazepine,B*38:01,Mongol,1,0.0,SJS
1891,carbamazepine,B*38:02,Mongol,2,2.0,SJS
1892,carbamazepine,B*39:01,Mongol,1,1.0,SJS
1893,carbamazepine,B*40:01,Mongol,2,2.0,SJS
1894,carbamazepine,B*40:02,Mongol,1,0.0,SJS
1895,carbamazepine,B*46:01,Mongol,5,9.0,SJS
1896,carbamazepine,B*51:01,Mongol,1,3.0,SJS
1897,carbamazepine,B*51:02,Mongol,2,0.0,SJS
1898,carbamazepine,B*54:01,Mongol,2,2.0,SJS
1899,carbamazepine,B*55:02,Mongol,1,0.0,SJS
1900,carbamazepine,B*56:04,Mongol,1,0.0,SJS
1901,carbamazepine,B*57:01,Mongol,2,1.0,SJS
1902,carbamazepine,B*07:05,Mongol,5,6.0,SJS
1903,carbamazepine,B*58:01,Mongol,0,4.0,SJS
1904,carbamazepine,B*27:04,Mongol,0,2.0,SJS
1905,carbamazepine,B*08:01,Mongol,0,1.0,SJS
1906,carbamazepine,B*27:06,Mongol,0,1.0,SJS
1907,carbamazepine,B*39:05,Mongol,0,1.0,SJS
1908,carbamazepine,B*44:03,Mongol,0,1.0,SJS
1909,carbamazepine,B*15:01,Mongol,0,1.0,SJS
1962,methazolamide,B*59:01,Mongol,7,0.0,SJS
1963,methazolamide,C*01:02,Mongol,7,11.0,SJS
1964,allopurinol,B*58:01,Mongol,13,4.0,SJS
1965,allopurinol,B*13:01,Mongol,2,9.0,SJS
1966,allopurinol,B*15:02,Mongol,2,20.0,SJS
1967,allopurinol,B*40:01,Mongol,2,29.0,SJS
1968,allopurinol,B*46:01,Mongol,2,25.0,SJS
1969,allopurinol,B*51:01,Mongol,0,12.0,SJS
1970,allopurinol,B*58:01,Mongol,28,51.0,SJS
1971,allopurinol,B*58:04,Mongol,3,51.0,SJS
1972,methazolamide,B*59:01,Mongol,7,0.0,SJS
1973,methazolamide,C*01:02,Mongol,7,11.0,SJS
1974,carbamazepine,B*15:02,Mongol,39,28.0,SJS
1975,carbamazepine,C*08:01,Mongol,42,38.0,SJS
1976,carbamazepine,DRB1*12:02,Mongol,29,45.0,SJS
1977,carbamazepine,A*24:02,Mongol,17,28.0,SJS
1978,carbamazepine,B*15:11,Mongol,4,0.0,SJS
1979,carbamazepine,DRB1*01:01,Mongol,4,1.0,SJS
1980,lamotrigine,A*24:02,Mongol,10,16.0,SJS
1981,phenytoin,A*24:02,Mongol,6,5.0,SJS
1982,phenytoin,A*02:01,Mongol,3,1.0,SJS
1989,carbamazepine,B*15:02,Diverse,8,4.0,SJS
1990,carbamazepine,B*15:21,Diverse,2,1.0,SJS
1991,carbamazepine,B*18:01,Diverse,4,1.0,SJS
1992,carbamazepine,B*35:05,Diverse,1,4.0,SJS
1993,carbamazepine,B*44:03,Diverse,3,5.0,SJS
1994,carbamazepine,B*57,Diverse,10,5.0,SJS
2065,carbamazepine,A*01:01,Caucasian,14,,SJS
2066,carbamazepine,A*02:01,Caucasian,11,,SJS
2067,carbamazepine,A*24:02,Caucasian,3,,SJS
2068,carbamazepine,A*26:01,Caucasian,5,,SJS
2069,carbamazepine,A*31:01,Caucasian,4,,SJS
2070,carbamazepine,B*08:01,Caucasian,8,,SJS
2071,carbamazepine,B*13:02,Caucasian,3,,SJS
2072,carbamazepine,B*15:02,Caucasian,0,,SJS
2073,carbamazepine,B*18:01,Caucasian,3,,SJS
2074,carbamazepine,B*38:01,Caucasian,4,,SJS
2075,carbamazepine,B*44:02,Caucasian,1,,SJS
2076,carbamazepine,B*44:03,Caucasian,4,,SJS
2077,carbamazepine,B*57:01,Caucasian,11,,SJS
2078,carbamazepine,A*01:01,Caucasian,14,,SJS
2079,carbamazepine,A*02:01,Caucasian,11,,SJS
2080,carbamazepine,A*24:02,Caucasian,3,,SJS
2081,carbamazepine,A*26:01,Caucasian,5,,SJS
2082,carbamazepine,A*31:01,Caucasian,4,,SJS
2083,carbamazepine,B*08:01,Caucasian,8,,SJS
2084,carbamazepine,B*13:02,Caucasian,3,,SJS
2085,carbamazepine,B*15:02,Caucasian,0,,SJS
2086,carbamazepine,B*18:01,Caucasian,3,,SJS
2087,carbamazepine,B*38:01,Caucasian,4,,SJS
2088,carbamazepine,B*44:02,Caucasian,1,,SJS
2089,carbamazepine,B*44:03,Caucasian,4,,SJS
2090,carbamazepine,B*57:01,Caucasian,11,,SJS
2091,nevirapine,C*04:01,Black,18,25.0,SJS
2092,trichloroethylene,B*13:01,Diverse,25,10.0,SJS
2093,phenytoin,B*15:02,Mongol,8,7.0,SJS
2094,phenytoin,B*15:13,Mongol,7,3.0,SJS
2317,lamotrigine,B*13:01,Caucasian,2,3.0,SJS
2318,carbamazepine,A*31:01,Caucasian,0,3.0,SJS
2319,carbamazepine,B*57:01,Caucasian,2,4.0,SJS
2320,carbamazepine,DRB1*07:01,Caucasian,4,14.0,SJS
2321,phenytoin,A*03:01,Caucasian,3,14.0,SJS
2322,phenytoin,B*51:01,Caucasian,2,8.0,SJS
2323,phenytoin,DRB1*14:01,Caucasian,3,22.0,SJS
2324,carbamazepine,A*31:01,Mongol,0,4.0,SJS
2325,carbamazepine,B*15:02,Mongol,14,8.0,SJS
2326,carbamazepine,A*31:01,Mongol,0,3.0,SJS
2327,carbamazepine,B*15:02,Mongol,4,13.0,SJS
2328,carbamazepine,A*31:01,Caucasian,3,5.0,SJS
2329,carbamazepine,B*15:02,Caucasian,2,2.0,SJS
2330,allopurinol,B*58:02,Mongol,13,51.0,SJS
2331,allopurinol,B*58:01,Mongol,8,116.0,SJS
2332,lamotrigine,B*44:03,Mongol,3,1.0,SJS
2333,phenytoin,A*02:01,Caucasian,7,15.0,SJS
2334,phenytoin,A*11:01,Caucasian,1,3.0,SJS
2335,phenytoin,A*25:01,Caucasian,1,0.0,SJS
2336,phenytoin,A*26:01,Caucasian,1,1.0,SJS
2337,phenytoin,A*29:02,Caucasian,1,2.0,SJS
2338,phenytoin,A*30:02,Caucasian,1,0.0,SJS
2339,phenytoin,A*32:01,Caucasian,3,2.0,SJS
2340,phenytoin,A*66:01,Caucasian,1,1.0,SJS
2341,phenytoin,A*80:01,Caucasian,1,0.0,SJS
2342,phenytoin,B*07:02,Caucasian,1,3.0,SJS
2343,phenytoin,B*08:01,Caucasian,1,2.0,SJS
2344,phenytoin,B*14.01,Caucasian,1,1.0,SJS
2345,phenytoin,B*14.02,Caucasian,1,1.0,SJS
2346,phenytoin,B*15:01,Caucasian,1,1.0,SJS
2347,phenytoin,B*18:01,Caucasian,2,0.0,SJS
2348,phenytoin,B*35:01,Caucasian,1,1.0,SJS
2349,phenytoin,B*38:01,Caucasian,2,2.0,SJS
2350,phenytoin,B*44:02,Caucasian,1,3.0,SJS
2351,phenytoin,B*44:03,Caucasian,2,2.0,SJS
2352,phenytoin,B*49:01,Caucasian,2,3.0,SJS
2353,phenytoin,B*51:01,Caucasian,2,9.0,SJS
2354,phenytoin,B*53:01,Caucasian,1,0.0,SJS
2355,phenytoin,C*03:03,Caucasian,1,0.0,SJS
2356,phenytoin,C*04:01,Caucasian,2,7.0,SJS
2357,phenytoin,C*05:01,Caucasian,1,4.0,SJS
2358,phenytoin,C*07:01,Caucasian,3,6.0,SJS
2359,phenytoin,C*08:02,Caucasian,1,2.0,SJS
2360,phenytoin,C*12:03,Caucasian,3,3.0,SJS
2361,phenytoin,C*15:02,Caucasian,3,3.0,SJS
2362,phenytoin,C*15:05,Caucasian,1,0.0,SJS
2363,phenytoin,C*16:01,Caucasian,1,3.0,SJS
2364,lamotrigine,A*01:01,Caucasian,1,2.0,SJS
2365,lamotrigine,A*02:01,Caucasian,1,6.0,SJS
2366,lamotrigine,A*03:01,Caucasian,1,3.0,SJS
2367,lamotrigine,A*11:01,Caucasian,1,0.0,SJS
2368,lamotrigine,A*26:01,Caucasian,1,1.0,SJS
2369,lamotrigine,A*69:01,Caucasian,1,0.0,SJS
2370,lamotrigine,B*35:08,Caucasian,1,0.0,SJS
2371,lamotrigine,B*38:01,Caucasian,3,0.0,SJS
2372,lamotrigine,B*44:02,Caucasian,1,1.0,SJS
2373,lamotrigine,B*49:01,Caucasian,1,1.0,SJS
2374,lamotrigine,C*04:01,Caucasian,1,2.0,SJS
2375,lamotrigine,C*07:01,Caucasian,1,1.0,SJS
2376,lamotrigine,C*12:03,Caucasian,2,1.0,SJS
2378,carbamazepine,A*02:01,Caucasian,2,8.0,SJS
2379,carbamazepine,A*11:01,Caucasian,2,4.0,SJS
2380,carbamazepine,B*07:02,Caucasian,1,7.0,SJS
2381,carbamazepine,B*15:02,Caucasian,1,0.0,SJS
2382,carbamazepine,B*27:05,Caucasian,1,1.0,SJS
2383,carbamazepine,B*44:02,Caucasian,1,0.0,SJS
2384,carbamazepine,C*03:03,Caucasian,1,0.0,SJS
2385,carbamazepine,C*05:01,Caucasian,1,1.0,SJS
2386,carbamazepine,C*07:02,Caucasian,1,6.0,SJS
2387,carbamazepine,C*08:01,Caucasian,1,0.0,SJS
2388,phenytoin,B*13:01,Diverse,13,24.0,SJS
2389,phenytoin,B*15:02,Diverse,20,19.0,SJS
2390,phenytoin,B*40:01,Diverse,21,105.0,SJS
2391,phenytoin,B*46:01,Diverse,11,70.0,SJS
2392,phenytoin,B*51:01,Diverse,12,161.0,SJS
2393,phenytoin,B*58:01,Diverse,12,39.0,SJS
2394,allopurinol,B*58:01,Mongol,13,4.0,SJS
2395,allopurinol,B*13:01,Mongol,2,9.0,SJS
2396,allopurinol,B*15:02,Mongol,2,20.0,SJS
2397,allopurinol,B*40:01,Mongol,2,29.0,SJS
2398,allopurinol,B*46:01,Mongol,2,25.0,SJS
2399,allopurinol,B*51:01,Mongol,0,12.0,SJS
2400,phenytoin,A*02:01,Mongol,6,4.0,SJS
2401,phenytoin,A*33:03,Mongol,12,13.0,SJS
2402,phenytoin,B*13:01,Mongol,2,18.0,SJS
2403,phenytoin,B*15:02,Mongol,5,13.0,SJS
2404,phenytoin,B*38:02,Mongol,8,6.0,SJS
2405,phenytoin,B*46:01,Mongol,8,36.0,SJS
2406,phenytoin,B*51:01,Mongol,7,4.0,SJS
2407,phenytoin,B*56:02,Mongol,4,1.0,SJS
2408,phenytoin,B*58:01,Mongol,9,8.0,SJS
2409,phenytoin,C*14:02,Mongol,7,3.0,SJS
2410,phenytoin,B*13:01,Mongol,3,14.0,SJS
2411,phenytoin,B*15:02,Mongol,5,18.0,SJS
2737,carbamazepine,A*31:01,Diverse,6,3.0,MPexanthema
2738,carbamazepine,B*15:02,Diverse,0,1.0,MPexanthema
2739,lamotrigine,B*15:02,Mongol,2,1.0,MPexanthema
2740,allopurinol,B*58:01,Mongol,22,7.0,MPexanthema
2741,nevirapine,A*24:07,Mongol,10,1.0,MPexanthema
2742,nevirapine,C*04:01,Mongol,17,4.0,MPexanthema
2743,nevirapine,C*07:02,Mongol,14,34.0,MPexanthema
2744,nevirapine,B*35:05,Mongol,15,1.0,MPexanthema
2745,nevirapine,B*38:02,Mongol,3,13.0,MPexanthema
2746,nevirapine,DRB1*12:02,Mongol,41,19.0,MPexanthema
2747,allopurinol,B*58:01,Caucasian,1,1.0,MPexanthema
2748,oxcarbazepine,B*13:02,Mongol,4,4.0,MPexanthema
2749,oxcarbazepine,B*15:01,Mongol,1,3.0,MPexanthema
2750,oxcarbazepine,B*15:02,Mongol,1,1.0,MPexanthema
2751,oxcarbazepine,B*15:27,Mongol,2,0.0,MPexanthema
2752,oxcarbazepine,B*27:04,Mongol,2,0.0,MPexanthema
2753,oxcarbazepine,B*40:01,Mongol,5,15.0,MPexanthema
2754,oxcarbazepine,B*46:01,Mongol,4,14.0,MPexanthema
2755,oxcarbazepine,B*51:01,Mongol,2,4.0,MPexanthema
2756,oxcarbazepine,B*54:01,Mongol,1,0.0,MPexanthema
2757,oxcarbazepine,B*56:04,Mongol,1,0.0,MPexanthema
2758,oxcarbazepine,B*15:19,Mongol,1,0.0,MPexanthema
2759,oxcarbazepine,B*27:09,Mongol,1,0.0,MPexanthema
2760,oxcarbazepine,B*39:05,Mongol,1,0.0,MPexanthema
2761,oxcarbazepine,B*48:04,Mongol,1,0.0,MPexanthema
2762,oxcarbazepine,B*49:01,Mongol,1,0.0,MPexanthema
2763,carbamazepine,B*15:01,Mongol,4,12.0,MPexanthema
2764,carbamazepine,B*15:02,Mongol,4,11.0,MPexanthema
2765,carbamazepine,B*27:04,Mongol,2,4.0,MPexanthema
2766,carbamazepine,B*40:01,Mongol,12,57.0,MPexanthema
2767,carbamazepine,B*48:01,Mongol,1,1.0,MPexanthema
2768,carbamazepine,B*51:01,Mongol,13,10.0,MPexanthema
2769,carbamazepine,B*54:01,Mongol,5,11.0,MPexanthema
2770,carbamazepine,B*55:02,Mongol,4,9.0,MPexanthema
2771,carbamazepine,A*02:01,Mongol,19,55.0,MPexanthema
2772,carbamazepine,A*02:03,Mongol,4,22.0,MPexanthema
2773,carbamazepine,A*02:06,Mongol,2,11.0,MPexanthema
2774,carbamazepine,A*11:01,Mongol,24,83.0,MPexanthema
2775,carbamazepine,A*24:02,Mongol,13,43.0,MPexanthema
2776,carbamazepine,A*26:01,Mongol,4,7.0,MPexanthema
2777,carbamazepine,A*30:01,Mongol,2,6.0,MPexanthema
2778,carbamazepine,A*31:01,Mongol,7,5.0,MPexanthema
2779,carbamazepine,A*32:01,Mongol,2,2.0,MPexanthema
2780,carbamazepine,A*33:03,Mongol,8,30.0,MPexanthema
2781,oxcarbazepine,B*15:02,Mongol,4,1.0,MPexanthema
2782,carbamazepine,A*11:01,Mongol,6,67.0,MPexanthema
2783,carbamazepine,A*24:02,Mongol,6,41.0,MPexanthema
2784,carbamazepine,A*31:01,Mongol,6,4.0,MPexanthema
2785,carbamazepine,B*15:02,Mongol,1,6.0,MPexanthema
2786,carbamazepine,B*40:01,Mongol,7,59.0,MPexanthema
2787,carbamazepine,C*01:02,Mongol,9,54.0,MPexanthema
2788,carbamazepine,C*08:01,Mongol,2,20.0,MPexanthema
2789,carbamazepine,DRB1*04:05,Mongol,7,25.0,MPexanthema
2790,carbamazepine,DRB1*12:02,Mongol,2,23.0,MPexanthema
2791,carbamazepine,A*11:01,Mongol,22,28.0,MPexanthema
2792,carbamazepine,A*24:02,Mongol,16,14.0,MPexanthema
2793,carbamazepine,A*02:07,Mongol,13,14.0,MPexanthema
2794,carbamazepine,A*02:01,Mongol,11,5.0,MPexanthema
2795,carbamazepine,A*33:03,Mongol,4,12.0,MPexanthema
2796,carbamazepine,A*31:01,Mongol,1,1.0,MPexanthema
2797,carbamazepine,B*46:01,Mongol,15,16.0,MPexanthema
2798,carbamazepine,B*40:01,Mongol,7,8.0,MPexanthema
2799,carbamazepine,B*13:01,Mongol,6,10.0,MPexanthema
2800,carbamazepine,B*15:01,Mongol,5,1.0,MPexanthema
2801,carbamazepine,B*15:02,Mongol,4,5.0,MPexanthema
2802,carbamazepine,B*54:01,Mongol,4,3.0,MPexanthema
2803,carbamazepine,B*55:02,Mongol,4,4.0,MPexanthema
2804,carbamazepine,B*58:01,Mongol,3,13.0,MPexanthema
2805,carbamazepine,B*38:02,Mongol,2,9.0,MPexanthema
2806,carbamazepine,B*15:11,Mongol,2,1.0,MPexanthema
2807,carbamazepine,B*07:02,Mongol,2,2.0,MPexanthema
2808,carbamazepine,DRB1*09:01,Mongol,15,16.0,MPexanthema
2809,carbamazepine,DRB1*15:01,Mongol,10,8.0,MPexanthema
2810,carbamazepine,DRB1*14:05,Mongol,7,0.0,MPexanthema
2811,carbamazepine,DRB1*12:02,Mongol,6,11.0,MPexanthema
2812,carbamazepine,DRB1*08:03,Mongol,6,11.0,MPexanthema
2813,carbamazepine,DRB1*01:01,Mongol,4,1.0,MPexanthema
2814,carbamazepine,DRB1*03:01,Mongol,3,14.0,MPexanthema
2815,carbamazepine,DRB1*16:02,Mongol,0,5.0,MPexanthema
2816,lamotrigine,A*11:01,Mongol,19,16.0,MPexanthema
2817,lamotrigine,A*02:07,Mongol,16,16.0,MPexanthema
2818,lamotrigine,A*24:02,Mongol,14,18.0,MPexanthema
2819,lamotrigine,A*02:01,Mongol,6,2.0,MPexanthema
2820,lamotrigine,A*30:01,Mongol,6,0.0,MPexanthema
2821,lamotrigine,A*26:01,Mongol,6,2.0,MPexanthema
2822,lamotrigine,A*02:03,Mongol,4,2.0,MPexanthema
2823,lamotrigine,A*33:03,Mongol,3,10.0,MPexanthema
2824,lamotrigine,B*46:01,Mongol,17,20.0,MPexanthema
2825,lamotrigine,B*51:01,Mongol,8,6.0,MPexanthema
2826,lamotrigine,B*40:01,Mongol,6,8.0,MPexanthema
2827,lamotrigine,B*13:02,Mongol,6,0.0,MPexanthema
2828,lamotrigine,B*13:01,Mongol,5,2.0,MPexanthema
2829,lamotrigine,B*58:01,Mongol,4,4.0,MPexanthema
2830,lamotrigine,B*54:01,Mongol,4,2.0,MPexanthema
2831,lamotrigine,B*38:02,Mongol,4,0.0,MPexanthema
2832,lamotrigine,B*15:02,Mongol,2,4.0,MPexanthema
2833,lamotrigine,B*15:11,Mongol,2,0.0,MPexanthema
2834,lamotrigine,B*07:02,Mongol,1,4.0,MPexanthema
2835,lamotrigine,DRB1*09:01,Mongol,16,20.0,MPexanthema
2836,lamotrigine,DRB1*04:05,Mongol,9,4.0,MPexanthema
2837,lamotrigine,DRB1*12:02,Mongol,8,6.0,MPexanthema
2838,lamotrigine,DRB1*15:01,Mongol,7,8.0,MPexanthema
2839,lamotrigine,DRB1*07:01,Mongol,6,2.0,MPexanthema
2840,lamotrigine,DRB1*08:03,Mongol,5,4.0,MPexanthema
2841,lamotrigine,DRB1*16:02,Mongol,5,12.0,MPexanthema
2842,oxcarbazepine,B*07:05,Mongol,0,1.0,MPexanthema
2843,oxcarbazepine,B*13:01,Mongol,2,2.0,MPexanthema
2844,oxcarbazepine,B*13:02,Mongol,3,5.0,MPexanthema
2845,oxcarbazepine,B*15:01,Mongol,4,2.0,MPexanthema
2846,oxcarbazepine,B*15:02,Mongol,1,5.0,MPexanthema
2847,oxcarbazepine,B*15:11,Mongol,0,2.0,MPexanthema
2848,oxcarbazepine,B*15:13,Mongol,0,1.0,MPexanthema
2849,oxcarbazepine,B*15:27,Mongol,1,0.0,MPexanthema
2850,oxcarbazepine,B*15:58,Mongol,1,0.0,MPexanthema
2851,oxcarbazepine,B*27:05,Mongol,0,1.0,MPexanthema
2852,oxcarbazepine,B*35:08,Mongol,0,1.0,MPexanthema
2853,oxcarbazepine,B*38:01,Mongol,0,1.0,MPexanthema
2854,oxcarbazepine,B*38:02,Mongol,3,2.0,MPexanthema
2855,oxcarbazepine,B*39:01,Mongol,0,1.0,MPexanthema
2856,oxcarbazepine,B*40:01,Mongol,3,4.0,MPexanthema
2857,oxcarbazepine,B*40:06,Mongol,0,1.0,MPexanthema
2858,oxcarbazepine,B*44:02,Mongol,1,0.0,MPexanthema
2859,oxcarbazepine,B*44:03,Mongol,2,5.0,MPexanthema
2860,oxcarbazepine,B*46:01,Mongol,1,3.0,MPexanthema
2861,oxcarbazepine,B*48:01,Mongol,0,5.0,MPexanthema
2862,oxcarbazepine,B*51:01,Mongol,1,1.0,MPexanthema
2863,oxcarbazepine,B*51:02,Mongol,0,1.0,MPexanthema
2864,oxcarbazepine,B*52:01,Mongol,1,0.0,MPexanthema
2865,oxcarbazepine,B*55:01,Mongol,0,1.0,MPexanthema
2866,oxcarbazepine,B*55:02,Mongol,1,1.0,MPexanthema
2867,oxcarbazepine,B*56:01,Mongol,1,0.0,MPexanthema
2868,oxcarbazepine,B*56:04,Mongol,0,1.0,MPexanthema
2869,oxcarbazepine,B*58:01,Mongol,0,3.0,MPexanthema
2870,oxcarbazepine,B*15:42,Mongol,1,0.0,MPexanthema
2871,oxcarbazepine,B*35:31,Mongol,0,2.0,MPexanthema
2872,oxcarbazepine,B*47:01,Mongol,0,1.0,MPexanthema
2873,oxcarbazepine,B*48:04,Mongol,0,1.0,MPexanthema
2874,oxcarbazepine,B*53:01,Mongol,1,0.0,MPexanthema
2875,oxcarbazepine,B*13:15,Mongol,0,1.0,MPexanthema
2876,oxcarbazepine,B*37:10,Mongol,0,1.0,MPexanthema
2877,carbamazepine,B*07:02,Mongol,1,4.0,MPexanthema
2878,carbamazepine,B*13:01,Mongol,0,1.0,MPexanthema
2879,carbamazepine,B*13:02,Mongol,0,1.0,MPexanthema
2880,carbamazepine,B*13:10,Mongol,1,0.0,MPexanthema
2881,carbamazepine,B*15:01,Mongol,0,4.0,MPexanthema
2882,carbamazepine,B*15:07,Mongol,1,0.0,MPexanthema
2883,carbamazepine,B*15:11,Mongol,1,1.0,MPexanthema
2884,carbamazepine,B*15:18,Mongol,0,2.0,MPexanthema
2885,carbamazepine,B*27:04,Mongol,0,1.0,MPexanthema
2886,carbamazepine,B*35:01,Mongol,0,7.0,MPexanthema
2887,carbamazepine,B*37:01,Mongol,0,1.0,MPexanthema
2888,carbamazepine,B*39:04,Mongol,0,1.0,MPexanthema
2889,carbamazepine,B*40:01,Mongol,2,4.0,MPexanthema
2890,carbamazepine,B*40:02,Mongol,3,4.0,MPexanthema
2891,carbamazepine,B*40:06,Mongol,0,2.0,MPexanthema
2892,carbamazepine,B*44:03,Mongol,2,1.0,MPexanthema
2893,carbamazepine,B*46:01,Mongol,1,3.0,MPexanthema
2894,carbamazepine,B*48:01,Mongol,0,2.0,MPexanthema
2895,carbamazepine,B*51:01,Mongol,6,5.0,MPexanthema
2896,carbamazepine,B*52:01,Mongol,3,8.0,MPexanthema
2897,carbamazepine,B*54:01,Mongol,0,5.0,MPexanthema
2898,carbamazepine,B*55:02,Mongol,2,2.0,MPexanthema
2899,carbamazepine,B*56:01,Mongol,1,1.0,MPexanthema
2900,carbamazepine,B*58:01,Mongol,0,2.0,MPexanthema
2901,carbamazepine,B*59:01,Mongol,0,1.0,MPexanthema
2902,carbamazepine,B*67:01,Mongol,1,2.0,MPexanthema
2903,lamotrigine,B*07:05,Mongol,0,1.0,MPexanthema
2904,lamotrigine,B*13:01,Mongol,1,9.0,MPexanthema
2905,lamotrigine,B*13:02,Mongol,2,2.0,MPexanthema
2906,lamotrigine,B*15:02,Mongol,1,4.0,MPexanthema
2907,lamotrigine,B*15:03,Mongol,0,2.0,MPexanthema
2908,lamotrigine,B*15:27,Mongol,0,2.0,MPexanthema
2909,lamotrigine,B*39:01,Mongol,1,1.0,MPexanthema
2910,lamotrigine,B*40:01,Mongol,6,10.0,MPexanthema
2911,lamotrigine,B*44:03,Mongol,0,1.0,MPexanthema
2912,lamotrigine,B*46:01,Mongol,5,12.0,MPexanthema
2913,lamotrigine,B*48:01,Mongol,1,1.0,MPexanthema
2914,lamotrigine,B*54:01,Mongol,1,1.0,MPexanthema
2915,lamotrigine,B*54:17,Mongol,0,1.0,MPexanthema
2916,lamotrigine,B*58:01,Mongol,2,3.0,MPexanthema
2917,lamotrigine,B*15:19,Mongol,0,1.0,MPexanthema
2918,lamotrigine,B*44:08,Mongol,0,1.0,MPexanthema
2919,lamotrigine,B*55:01,Mongol,0,4.0,MPexanthema
2920,lamotrigine,B*55:02,Mongol,1,0.0,MPexanthema
2921,lamotrigine,B*81:01,Mongol,1,0.0,MPexanthema
2922,carbamazepine,B*15:02,Mongol,10,11.0,MPexanthema
2923,carbamazepine,B*15:02,Mongol,3,4.0,MPexanthema
2951,carbamazepine,B*15:03,Diverse,4,0.0,MPexanthema
2980,allopurinol,B*58:01,Mongol,6,4.0,MPexanthema
2981,allopurinol,B*13:01,Mongol,2,9.0,MPexanthema
2982,allopurinol,B*15:02,Mongol,0,20.0,MPexanthema
2983,allopurinol,B*40:01,Mongol,3,29.0,MPexanthema
2984,allopurinol,B*46:01,Mongol,0,25.0,MPexanthema
2985,allopurinol,B*51:01,Mongol,0,12.0,MPexanthema
2986,oxcarbazepine,B*40:02,Mongol,10,5.0,MPexanthema
2987,oxcarbazepine,DRB1*04:03,Mongol,7,1.0,MPexanthema
2988,oxcarbazepine,B*15:01,Mongol,2,16.0,MPexanthema
2989,oxcarbazepine,A*32:01,Mongol,2,1.0,MPexanthema
2990,oxcarbazepine,DQB1*05:01,Mongol,1,7.0,MPexanthema
2991,oxcarbazepine,DRB1*04:06,Mongol,2,11.0,MPexanthema
2992,oxcarbazepine,DRB1*14:05,Mongol,3,11.0,MPexanthema
2993,oxcarbazepine,DQB1*05:03,Mongol,3,14.0,MPexanthema
2994,oxcarbazepine,B*15:02,Mongol,0,1.0,MPexanthema
2995,oxcarbazepine,A*31:01,Mongol,6,12.0,MPexanthema
2996,oxcarbazepine,B*15:11,Mongol,1,1.0,MPexanthema
2997,trichloroethylene,B*13:01,Diverse,25,10.0,MPexanthema
